date,macd,signal,hist,merged_signal
2022-03-18,0.0,0.0,0.0,
2022-03-21,0.1236467236467149,0.0247293447293429,0.0989173789173719,buy
2022-03-22,0.2422457609921764,0.0682326279819096,0.1740131330102667,
2022-03-23,0.4034017502401639,0.1352664524335605,0.2681352978066034,
2022-03-24,0.6933854825542198,0.2468902584576924,0.4464952240965274,
2022-03-25,1.0482914211757477,0.4071704910013034,0.641120930174444,
2022-03-28,1.2721260862361703,0.5801616100482768,0.6919644761878935,
2022-03-29,1.519949529389038,0.7681191939164291,0.7518303354726088,
2022-03-30,1.6880169047437334,0.95209873608189,0.7359181686618435,
2022-03-31,1.6712261942125792,1.095924227708028,0.5753019665045513,
2022-04-01,1.4930428603865664,1.1753479542437355,0.3176949061428309,
2022-04-04,1.4169956004330402,1.2236774834815964,0.1933181169514437,
2022-04-05,1.1450269996098257,1.2079473867072423,-0.0629203870974166,sell
2022-04-06,1.2092678166331154,1.2082114726924171,0.0010563439406983,buy
2022-04-07,1.5401770856213377,1.2746045952782012,0.2655724903431362,
2022-04-08,1.8369273438244136,1.3870691449874435,0.4498581988369698,
2022-04-11,2.1880914795239903,1.547273611894753,0.6408178676292373,
2022-04-12,2.4646093467584365,1.7307407588674897,0.7338685878909468,
2022-04-13,2.7074126974776505,1.9260751465895216,0.7813375508881286,
2022-04-14,2.763883554052768,2.093636828082172,0.6702467259705966,
2022-04-15,2.5907609083033094,2.193061644126399,0.3976992641769103,
2022-04-18,2.1918669732197884,2.192822709945077,-0.0009557367252885,sell
2022-04-19,1.3797208192572723,2.030202331807516,-0.6504815125502437,
2022-04-20,0.8034841365885654,1.7848586927637262,-0.9813745561751608,
2022-04-21,0.5255381984681833,1.5329945939046177,-1.0074563954364344,
2022-04-22,0.2754604612118498,1.281487767366064,-1.0060273061542142,
2022-04-25,0.12425470739322,1.0500411553714952,-0.9257864479782753,
2022-04-26,-0.0793880308680172,0.8241553181235928,-0.90354334899161,
2022-04-27,-0.2045282043676763,0.6184186136253389,-0.8229468179930153,
2022-04-28,-0.6496434034985441,0.3648062102005622,-1.0144496136991064,
2022-04-29,-0.9327434210113096,0.1052962839581878,-1.0380397049694976,
2022-05-02,-0.9572492077120957,-0.1072128143758688,-0.8500363933362267,
2022-05-03,-0.8546568843840703,-0.2567016283775091,-0.5979552560065612,
2022-05-04,-0.2149089742623005,-0.2483430975544673,0.0334341232921668,buy
2022-05-05,0.3725278097278703,-0.1241689160979998,0.4966967258258702,
2022-05-06,0.7942229788400255,0.0595094628896052,0.7347135159504202,
2022-05-09,1.1075827497531066,0.2691241202623055,0.8384586294908011,
2022-05-10,1.3843451600154708,0.4921683282129385,0.8921768318025323,
2022-05-11,1.671559639166702,0.7280465904036912,0.9435130487630108,
2022-05-12,1.8895019275140328,0.9603376578257596,0.9291642696882731,
2022-05-13,2.207040735449823,1.2096782733505724,0.9973624620992504,
2022-05-16,2.3469125566479647,1.437125130010051,0.9097874266379138,
2022-05-17,2.5637703931234626,1.6624541826327333,0.9013162104907292,
2022-05-18,2.7475334229190764,1.879470030690002,0.8680633922290744,
2022-05-19,2.8482305724977834,2.0732221390515586,0.7750084334462248,
2022-05-20,2.635406623335797,2.1856590359084063,0.4497475874273906,
2022-05-23,2.3165798070597816,2.211843190138681,0.1047366169211003,
2022-05-24,2.242210309327163,2.217916613976378,0.024293695350785,
2022-05-25,2.043519559715264,2.1830372031241554,-0.1395176434088911,sell
2022-05-26,1.7090066412476688,2.088231090748858,-0.3792244495011894,
2022-05-27,1.5151972989582418,1.973624332390735,-0.4584270334324931,
2022-05-30,1.0277945686863743,1.784458379649863,-0.7566638109634884,
2022-05-31,0.7786010384883184,1.583286911417554,-0.8046858729292357,
2022-06-01,0.4715850129657895,1.3609465317272011,-0.8893615187614117,
2022-06-02,0.1794033973801561,1.124637904857792,-0.945234507477636,
2022-06-03,0.0306069361961931,0.9058317111254724,-0.8752247749292792,
2022-06-06,-0.1349812534629961,0.6976691182077787,-0.8326503716707748,
2022-06-07,-0.2488183678288749,0.508371621000448,-0.7571899888293229,
2022-06-08,-0.2282768663454248,0.3610419235312734,-0.5893187898766983,
2022-06-09,-0.2630289450538612,0.2362277498142465,-0.4992566948681077,
2022-06-10,-0.2226434916766777,0.1444535015160616,-0.3670969931927393,
2022-06-13,-0.3288640795814217,0.0497899852965649,-0.3786540648779867,
2022-06-14,-0.4067421575172716,-0.0415164432662023,-0.3652257142510692,
2022-06-15,-0.5987350429938942,-0.1529601632117407,-0.4457748797821535,
2022-06-16,-0.7878037134613862,-0.2799288732616698,-0.5078748401997164,
2022-06-17,-1.1375549086885144,-0.4514540803470387,-0.6861008283414756,
2022-06-20,-1.2709775840523037,-0.6153587810880918,-0.6556188029642118,
2022-06-21,-1.6793175424250537,-0.8281505333554842,-0.8511670090695693,
2022-06-22,-1.9418138910940288,-1.050883204903193,-0.8909306861908355,
2022-06-23,-2.2107006156512625,-1.282846687052807,-0.9278539285984556,
2022-06-24,-2.6027833700405267,-1.546834023650351,-1.0559493463901757,
2022-06-27,-3.0861213300886448,-1.8546914849380096,-1.231429845150635,
2022-06-28,-3.356245129783474,-2.155002213907103,-1.201242915876371,
2022-06-29,-3.816812264817486,-2.48736422408918,-1.3294480407283062,
2022-06-30,-4.389429680985813,-2.8677773154685067,-1.5216523655173066,
2022-07-01,-4.826330167374266,-3.2594878858496585,-1.5668422815246077,
2022-07-04,-5.278758409788281,-3.663341990637384,-1.6154164191508975,
2022-07-05,-5.67916505658232,-4.066506603826371,-1.6126584527559498,
2022-07-06,-5.592313682343104,-4.371668019529718,-1.2206456628133855,
2022-07-07,-5.273870996744364,-4.552108614972648,-0.7217623817717165,
2022-07-08,-4.999377485272476,-4.641562389032613,-0.3578150962398627,
2022-07-11,-4.736918153090528,-4.660633541844196,-0.076284611246332,
2022-07-12,-4.2714936831121975,-4.582805570097797,0.3113118869855995,buy
2022-07-13,-3.82785350084302,-4.4318151562468415,0.6039616554038219,
2022-07-14,-3.332148474839016,-4.211881819965276,0.8797333451262599,
2022-07-15,-2.7805602239830307,-3.925617500768827,1.1450572767857965,
2022-07-18,-2.30634652061741,-3.601763304738544,1.295416784121134,
2022-07-19,-1.7601523482299228,-3.23344111343682,1.473288765206897,
2022-07-20,-1.3847563174621484,-2.8637041542418857,1.4789478367797373,
2022-07-21,-1.187340551846802,-2.528431433762869,1.3410908819160672,
2022-07-22,-0.9712758858878204,-2.21700032418786,1.2457244383000394,
2022-07-25,-0.910583901038052,-1.9557170395578984,1.0451331385198463,
2022-07-26,-1.058468141955899,-1.776267260037499,0.7177991180815997,
2022-07-27,-1.2619846481797763,-1.6734107376659544,0.4114260894861778,
2022-07-28,-1.507566131424312,-1.640241816417626,0.1326756849933139,
2022-07-29,-1.575100727910268,-1.6272135987161545,0.0521128708058864,
2022-08-01,-1.8126836655797265,-1.664307612088869,-0.1483760534908573,sell
2022-08-02,-2.019648261581977,-1.735375741987491,-0.2842725195944868,
2022-08-03,-2.17952481672242,-1.8242055569344768,-0.3553192597879435,
2022-08-04,-2.157895054319937,-1.8909434564115688,-0.2669515979083681,
2022-08-05,-1.7876962939838847,-1.870294023926032,0.0825977299421474,buy
2022-08-08,-1.58018790575494,-1.8122728002918136,0.2320848945368738,
2022-08-09,-1.4682062579316266,-1.7434594918197766,0.2752532338881499,
2022-08-10,-1.239295208976813,-1.6426266352511838,0.4033314262743708,
2022-08-11,-0.7602418776421302,-1.4661496837293733,0.705907806087243,
2022-08-12,-0.4640007561959578,-1.2657198982226905,0.8017191420267324,
2022-08-15,-0.462740609693185,-1.1051240405167893,0.6423834308236043,
2022-08-16,-0.3982462999295535,-0.9637484923993422,0.5655021924697887,
2022-08-17,-0.4652294327366064,-0.8640446804667951,0.3988152477301886,
2022-08-18,-0.3456836885513894,-0.7603724820837139,0.4146887935323244,
2022-08-19,-0.0039805136079849,-0.6090940883885682,0.6051135747805833,
2022-08-22,0.1696499569443688,-0.4533452793219807,0.6229952362663496,
2022-08-23,0.2542932035942726,-0.3118175827387301,0.5661107863330028,
2022-08-24,0.7444918361137809,-0.1005556989682279,0.8450475350820088,
2022-08-25,1.66171877798962,0.2518991964233417,1.4098195815662782,
2022-08-26,2.342261609624586,0.6699716790635906,1.6722899305609955,
2022-08-29,2.7219203909953364,1.0803614214499395,1.6415589695453967,
2022-08-30,2.970804958838528,1.4584501289276577,1.5123548299108704,
2022-08-31,2.8503492218628708,1.7368299475147002,1.1135192743481706,
2022-09-01,2.409988183242461,1.8714615946602529,0.5385265885822088,
2022-09-02,1.9114718346567656,1.879463642659556,0.0320081919972101,
2022-09-05,1.3212214551704449,1.7678152051617335,-0.4465937499912886,sell
2022-09-06,1.2218375800154035,1.6586196801324675,-0.436782100117064,
2022-09-07,0.8197352552641348,1.490842795158801,-0.6711075398946662,
2022-09-08,0.3844729181482762,1.269568819756696,-0.8850959016084199,
2022-09-09,-0.0686183478900375,1.0019313862273496,-1.070549734117387,
2022-09-12,-0.4619107261492274,0.7091629637520342,-1.1710736899012617,
2022-09-13,-0.5597675954275303,0.4553768519161214,-1.0151444473436515,
2022-09-14,-0.5598575346577661,0.2523299746013439,-0.81218750925911,
2022-09-15,-0.3932059766796385,0.1232227843451474,-0.516428761024786,
2022-09-16,-0.3913769101534399,0.0203028454454299,-0.4116797555988698,
2022-09-19,-0.3711247707365999,-0.057982677790976,-0.3131420929456238,
2022-09-20,-0.3334785102734088,-0.1130818442874626,-0.2203966659859462,
2022-09-21,-0.1717502035256188,-0.1248155161350938,-0.046934687390525,
2022-09-22,-0.1188662001929969,-0.1236256529466744,0.0047594527536775,buy
2022-09-23,0.1744060668076485,-0.0640193089958098,0.2384253758034584,
2022-09-26,1.1344979447505352,0.1756841417534591,0.958813802997076,
2022-09-27,1.986256562002097,0.5377986258031868,1.4484579361989105,
2022-09-28,2.8722639508800683,1.0046916908185632,1.867572260061505,
2022-09-29,3.601104338737372,1.523974220402325,2.077130118335047,
2022-09-30,4.081636217101504,2.035506619742161,2.0461295973593434,
2022-10-03,4.203401805938341,2.469085656981397,1.7343161489569443,
2022-10-04,4.353008443278441,2.845870214240806,1.5071382290376345,
2022-10-05,4.35041525665568,3.1467792227237807,1.203636033931899,
2022-10-06,4.229404466490792,3.3633042714771832,0.8661001950136082,
2022-10-07,4.021781716743476,3.4949997605304417,0.5267819562130343,
2022-10-10,3.908210824870309,3.577641973398415,0.3305688514718943,
2022-10-11,3.9318437634327097,3.6484823314052734,0.2833614320274353,
2022-10-12,3.79626451286552,3.6780387676973234,0.1182257451681962,
2022-10-13,3.667519920394199,3.6759349982366976,-0.0084150778424998,sell
2022-10-14,3.261608687883694,3.5930697361660977,-0.3314610482824038,
2022-10-17,2.894451925228651,3.4533461739786087,-0.5588942487499575,
2022-10-18,2.5123837843994465,3.265153696062776,-0.7527699116633295,
2022-10-19,2.04959667936916,3.022042292724053,-0.9724456133548935,
2022-10-20,1.7059361648369702,2.7588210671466364,-1.0528849023096662,
2022-10-21,1.5823738111170087,2.523531615940711,-0.9411578048237024,
2022-10-24,1.5576753993863406,2.330360372629837,-0.7726849732434964,
2022-10-25,1.4822829070117507,2.16074487950622,-0.6784619724944694,
2022-10-26,1.4964650522224474,2.0278889140494654,-0.531423861827018,
2022-10-27,1.6109785272197144,1.9445068366835152,-0.3335283094638008,
2022-10-28,1.3329366227051196,1.822192793887836,-0.4892561711827166,
2022-10-31,1.0727848556614106,1.6723112062425511,-0.5995263505811406,
2022-11-01,0.7618080027848464,1.4902105655510105,-0.7284025627661639,
2022-11-02,0.2869194940891759,1.2495523512586435,-0.9626328571694676,
2022-11-03,0.0240647423294149,1.004454829472798,-0.980390087143383,
2022-11-04,-0.1566227667966302,0.7722393102189123,-0.9288620770155426,
2022-11-07,-0.5389093022453153,0.5100095877260669,-1.0489188899713822,
2022-11-08,-0.7485194448077266,0.2583037812193082,-1.006823226027035,
2022-11-09,-0.911393266532599,0.0243643716689267,-0.9357576382015258,
2022-11-10,-0.9416631466129672,-0.168841131987452,-0.7728220146255151,
2022-11-11,-1.1189781450051155,-0.3588685345909848,-0.7601096104141309,
2022-11-14,-1.296202395654177,-0.5463353068036232,-0.7498670888505539,
2022-11-15,-1.3819911687193382,-0.7134664791867662,-0.668524689532572,
2022-11-16,-1.6592103935570606,-0.9026152620608252,-0.7565951314962355,
2022-11-17,-1.8886076734891049,-1.099813744346481,-0.7887939291426238,
2022-11-18,-2.2661855119146423,-1.3330880978601134,-0.933097414054529,
2022-11-21,-2.425299937895744,-1.5515304658672395,-0.8737694720285045,
2022-11-22,-2.492807822206885,-1.7397859371351687,-0.7530218850717161,
2022-11-23,-2.4080027991206805,-1.8734293095322712,-0.5345734895884093,
2022-11-24,-2.38272247847911,-1.975287943321639,-0.4074345351574708,
2022-11-25,-2.562315133492348,-2.092693381355781,-0.4696217521365669,
2022-11-28,-2.66983285313529,-2.208121275711683,-0.4617115774236069,
2022-11-29,-2.872818726324084,-2.341060765834164,-0.5317579604899207,
2022-11-30,-3.1937584420552128,-2.5116003010783734,-0.6821581409768394,
2022-12-01,-3.500548721422291,-2.709389985147157,-0.791158736275134,
2022-12-02,-3.7233553651267073,-2.9121830611430672,-0.81117230398364,
2022-12-05,-3.6448892840959672,-3.058724305733647,-0.5861649783623202,
2022-12-06,-3.4652946133841738,-3.1400383672637524,-0.3252562461204213,
2022-12-07,-3.2938709299104687,-3.170804879793096,-0.1230660501173726,
2022-12-08,-3.310289742802439,-3.198701852394965,-0.111587890407474,
2022-12-09,-3.3348880749223326,-3.2259390969004387,-0.1089489780218939,
2022-12-12,-3.3161558499459147,-3.243982447509534,-0.0721734024363809,
2022-12-13,-3.223802615563301,-3.2399464811202874,0.0161438655569865,buy
2022-12-14,-3.020576547422394,-3.196072494380709,0.175495946958315,
2022-12-15,-2.842486875261585,-3.125355370556884,0.2828684952952991,
2022-12-16,-2.8129580794061155,-3.0628759123267306,0.2499178329206151,
2022-12-19,-2.6197607826030094,-2.9742528863819864,0.354492103778977,
2022-12-20,-2.432956509807383,-2.865993611067066,0.433037101259683,
2022-12-21,-2.879500666337208,-2.868695022121094,-0.0108056442161137,sell
2022-12-22,-3.064120724400908,-2.9077801625770574,-0.1563405618238507,
2022-12-23,-3.086895747392134,-2.9436032795400733,-0.1432924678520608,
2022-12-26,-2.985800443497596,-2.952042712331578,-0.0337577311660175,
2022-12-27,-2.865389018013304,-2.9347119734679232,0.0693229554546199,buy
2022-12-28,-2.839706117499816,-2.915710802274302,0.0760046847744861,
2022-12-29,-3.158163034561909,-2.964201248731824,-0.1939617858300852,sell
2022-12-30,-3.37087813443037,-3.045536625871533,-0.3253415085588371,
2023-01-02,-3.374676253877965,-3.1113645514728194,-0.2633117024051454,
2023-01-03,-3.363923484170215,-3.1618763380122985,-0.2020471461579163,
2023-01-04,-3.1871351491094515,-3.166928100231729,-0.0202070488777219,
2023-01-05,-2.9341285031318307,-3.1203681808117496,0.1862396776799189,buy
2023-01-06,-2.7950021736265285,-3.0552949793747057,0.2602928057481772,
2023-01-09,-2.7530655659100773,-2.99484909668178,0.2417835307717029,
2023-01-10,-2.69043072435548,-2.93396542221652,0.2435346978610404,
2023-01-11,-2.582777435680441,-2.8637278249093043,0.2809503892288632,
2023-01-12,-2.904555885457228,-2.871893437018889,-0.0326624484383386,sell
2023-01-13,-3.0677207006902165,-2.911058889753155,-0.1566618109370616,
2023-01-16,-3.062476943956085,-2.941342500593741,-0.1211344433623442,
2023-01-17,-2.8136679955865134,-2.9158075995922954,0.102139604005782,buy
2023-01-18,-2.658462489079483,-2.864338577489733,0.2058760884102501,
2023-01-19,-2.3573930752739045,-2.7629494770465675,0.4055564017726629,
2023-01-20,-2.05157067898432,-2.620673717434118,0.5691030384497986,
2023-01-23,-1.889897055920045,-2.4745183851313035,0.5846213292112585,
2023-01-24,-1.944313481656934,-2.3684774044364296,0.4241639227794955,
2023-01-25,-2.091627621688332,-2.3131074478868103,0.2214798261984785,
2023-01-26,-2.4320973596423983,-2.336905430237928,-0.09519192940447,sell
2023-01-27,-2.6208745348526747,-2.3936992511608777,-0.227175283691797,
2023-01-30,-2.581758366885168,-2.431311074305736,-0.1504472925794324,
2023-01-31,-2.626989194068642,-2.4704466982583173,-0.1565424958103247,
2023-02-01,-2.720238540789921,-2.520405066764638,-0.1998334740252834,
2023-02-02,-2.6466277606907624,-2.545649605549863,-0.1009781551408992,
2023-02-03,-2.708766006930034,-2.5782728858258976,-0.1304931211041364,
2023-02-06,-2.9180336812549967,-2.6462250449117177,-0.271808636343279,
2023-02-07,-2.980929623461151,-2.7131659606216045,-0.2677636628395463,
2023-02-08,-3.224384511247024,-2.8154096707466887,-0.4089748405003353,
2023-02-09,-3.4102892294695835,-2.9343855824912675,-0.475903646978316,
2023-02-10,-3.686194188424963,-3.0847473036780064,-0.6014468847469567,
2023-02-13,-4.01750212847918,-3.271298268638241,-0.7462038598409384,
2023-02-14,-4.064566729621589,-3.429951960834911,-0.6346147687866779,
2023-02-15,-3.873240514224648,-3.5186096715128587,-0.354630842711789,
2023-02-16,-3.7805121059880378,-3.570990158407895,-0.2095219475801428,
2023-02-17,-3.48688714676004,-3.554169556078324,0.0672824093182842,buy
2023-02-20,-3.440464319481606,-3.5314285087589807,0.0909641892773747,
2023-02-21,-3.7733186363491313,-3.579806534277011,-0.1935121020721202,sell
2023-02-22,-4.038964398722811,-3.6716381071661712,-0.36732629155664,
2023-02-23,-4.033541968688269,-3.744018879470591,-0.2895230892176776,
2023-02-24,-3.942643575143393,-3.783743818605152,-0.1588997565382408,
2023-02-27,-3.923020690455616,-3.811599192975245,-0.1114214974803706,
2023-02-28,-3.648352952418662,-3.7789499448639288,0.1305969924452665,buy
2023-03-01,-3.4306690784305545,-3.7092937715772543,0.2786246931466998,
2023-03-02,-3.255325085095933,-3.61850003428099,0.3631749491850571,
2023-03-03,-2.756177226100476,-3.4460354726448874,0.6898582465444112,
2023-03-06,-2.241161926590081,-3.2050607634339263,0.9638988368438453,
2023-03-07,-1.6828888352176534,-2.900626377790672,1.2177375425730186,
2023-03-08,-1.3962316971313555,-2.599747441658809,1.2035157445274534,
2023-03-09,-1.103879447096432,-2.3005738427463336,1.1966943956499017,
2023-03-10,-1.0888014227431595,-2.058219358745699,0.9694179360025394,
2023-03-13,-1.0757482535462373,-1.8617251377058068,0.7859768841595696,
2023-03-14,-0.9695014884655392,-1.6832804078577537,0.7137789193922142,
2023-03-15,-0.657433493163353,-1.4781110249188734,0.8206775317555204,
2023-03-16,-0.638378129400536,-1.310164445815206,0.67178631641467,
2023-03-17,-0.3952050879407807,-1.127172574240321,0.7319674862995402,
2023-03-20,-0.4937423906382037,-1.0004865375198977,0.5067441468816938,
2023-03-21,-0.9952887971317635,-0.9994469894422708,0.004158192310507,
2023-03-22,-1.4678361093745025,-1.0931248134287173,-0.3747112959457852,sell
2023-03-23,-1.9242439909393447,-1.259348648930843,-0.6648953420085024,
2023-03-24,-2.026167613351248,-1.4127124418149242,-0.6134551715363239,
2023-03-27,-2.240083071214116,-1.5781865676947626,-0.6618965035193531,
2023-03-28,-2.5496740074745787,-1.7724840556507258,-0.777189951823853,
2023-03-29,-2.7097276013256817,-1.9599327647857168,-0.7497948365399645,
2023-03-30,-2.917521982817874,-2.1514506083921487,-0.7660713744257253,
2023-03-31,-3.3055372733565207,-2.3822679413850234,-0.9232693319714972,
2023-04-03,-3.779275324082192,-2.661669417924457,-1.1176059061577353,
2023-04-04,-4.112155274661177,-2.951766589271801,-1.1603886853893757,
2023-04-05,-4.267862868138593,-3.21498584504516,-1.0528770230934337,
2023-04-06,-4.4353504371806025,-3.4590587634722483,-0.9762916737083542,
2023-04-07,-4.623719895123116,-3.6919909898024224,-0.931728905320694,
2023-04-10,-4.712229072768992,-3.8960386063957366,-0.8161904663732549,
2023-04-11,-4.948044194026977,-4.106439723921985,-0.8416044701049916,
2023-04-12,-5.12267946915469,-4.309687672968527,-0.8129917961861635,
2023-04-13,-5.243403066828478,-4.496430751740517,-0.7469723150879606,
2023-04-14,-5.645184767948081,-4.72618155498203,-0.919003212966051,
2023-04-17,-5.788743824176265,-4.938694008820876,-0.8500498153553888,
2023-04-18,-5.938156260546776,-5.138586459166056,-0.79956980138072,
2023-04-19,-5.599853682084387,-5.230839903749723,-0.3690137783346641,
2023-04-20,-5.296512873521721,-5.243974497704123,-0.0525383758175976,
2023-04-21,-5.2832798995934525,-5.251835578081989,-0.0314443215114632,
2023-04-24,-4.894413268742625,-5.1803511162141165,0.2859378474714917,buy
2023-04-25,-4.387985985098879,-5.02187808999107,0.6338921048921904,
2023-04-26,-3.9116912644651904,-4.799840724885894,0.8881494604207036,
2023-04-27,-3.2370821099577256,-4.487289001900261,1.250206891942535,
2023-04-28,-2.9229344007571854,-4.174418081671646,1.2514836809144605,
2023-05-01,-2.63791343883932,-3.867117153105181,1.2292037142658607,
2023-05-02,-2.213832475070745,-3.536460217498293,1.322627742427548,
2023-05-03,-1.6976000108637948,-3.1686881761713943,1.4710881653075996,
2023-05-04,-0.7385278521732914,-2.682656111371774,1.9441282591984828,
2023-05-05,0.2015831308711142,-2.1058082629231967,2.307391393794311,
2023-05-08,0.8576634380327448,-1.5131139227320085,2.370777360764753,
2023-05-09,1.1760435825265176,-0.9752824216803032,2.1513260042068207,
2023-05-10,1.4511728286965422,-0.4899913716049341,1.9411642003014764,
2023-05-11,1.513782091893063,-0.0892366789053347,1.6030187707983976,
2023-05-12,1.702734852609467,0.2691576273976256,1.4335772252118413,
2023-05-15,2.1281225158190864,0.6409506050819178,1.4871719107371686,
2023-05-16,2.531282394221847,1.0190169629099035,1.5122654313119437,
2023-05-17,2.858187912694433,1.3868511528668095,1.4713367598276232,
2023-05-18,3.059402345541088,1.7213613914016654,1.3380409541394225,
2023-05-19,2.634947529731022,1.904078619067537,0.7308689106634851,
2023-05-22,2.515674411592329,2.0263977775724955,0.4892766340198333,
2023-05-23,2.703871547961228,2.161892531650242,0.5419790163109859,
2023-05-24,3.0566314519771822,2.34084031571563,0.7157911362615521,
2023-05-25,3.227179736297643,2.5181081998320325,0.7090715364656104,
2023-05-26,3.150917796818817,2.644670119229389,0.5062476775894273,
2023-05-29,3.316912940568244,2.7791186834971606,0.5377942570710834,
2023-05-30,3.363696452730096,2.896034237343748,0.4676622153863481,
2023-05-31,3.2080573645067147,2.9584388627763416,0.2496185017303731,
2023-06-01,3.149273949351567,2.996605880091387,0.15266806926018,
2023-06-02,2.9269305448926843,2.9826708130516466,-0.0557402681589622,sell
2023-06-05,2.832650891315041,2.9526668287043254,-0.1200159373892848,
2023-06-06,2.500749158269116,2.862283294617284,-0.3615341363481676,
2023-06-07,1.2549486647628498,2.540816368646397,-1.285867703883547,
2023-06-08,0.6339374671181588,2.159440588340749,-1.525503121222591,
2023-06-09,0.0938980676287997,1.7463320841983596,-1.65243401656956,
2023-06-12,-0.3733567105196016,1.3223943252547676,-1.6957510357743693,
2023-06-13,-0.6952986966983303,0.918855720864148,-1.6141544175624785,
2023-06-14,-0.4490105240839455,0.6452824718745294,-1.0942929959584748,
2023-06-15,0.1973863122844079,0.5557032399565051,-0.3583169276720971,
2023-06-16,0.9161600580170556,0.6277946035686153,0.2883654544484404,buy
2023-06-19,1.6603143025880345,0.8342985433724992,0.826015759215535,
2023-06-20,1.3517136189602752,0.9377815584900544,0.4139320604702208,
2023-06-21,1.45749127573103,1.0417235019382496,0.4157677737927805,
2023-06-22,1.7622744395744403,1.185833689465488,0.5764407501089526,
2023-06-23,1.750440457519261,1.298755043076243,0.4516854144430182,
2023-06-26,1.5473176458518765,1.3484675636313694,0.198850082220507,
2023-06-27,1.061026922797936,1.2909794354646829,-0.229952512666747,sell
2023-06-28,0.7054313201454647,1.173869812400839,-0.4684384922553744,
2023-06-29,0.410016744618332,1.0210991988443376,-0.6110824542260056,
2023-06-30,0.0669994362182535,0.8302792463191209,-0.7632798101008673,
2023-07-03,-0.5239913260464277,0.5594251318460112,-1.0834164578924388,
2023-07-04,-0.6132975776663443,0.3248805899435401,-0.9381781676098844,
2023-07-05,-1.0472178878794978,0.0504608943789325,-1.0976787822584302,
2023-07-06,-1.32419570485132,-0.224470425467118,-1.099725279384202,
2023-07-07,-1.4112387727938938,-0.4618240949324732,-0.9494146778614204,
2023-07-10,-1.4896772018338709,-0.6673947163127527,-0.8222824855211182,
2023-07-11,-1.1081725271291702,-0.7555502784760363,-0.3526222486531339,
2023-07-12,-0.7192651890884179,-0.7482932605985126,0.0290280715100947,buy
2023-07-13,-0.4303005773574853,-0.6846947239503072,0.2543941465928219,
2023-07-14,-0.4901681826696062,-0.645789415694167,0.1556212330245607,
2023-07-17,-0.8705183784820179,-0.6907352082517373,-0.1797831702302805,sell
2023-07-18,-0.8171686073551996,-0.7160218880724298,-0.1011467192827697,
2023-07-19,-0.1789353837390024,-0.6086045872057444,0.429669203466742,buy
2023-07-20,0.4763064340086202,-0.3916223829628714,0.8679288169714917,
2023-07-21,0.9052701780102268,-0.1322438707682518,1.0375140487784786,
2023-07-24,1.2039139070370195,0.1349876847928025,1.0689262222442173,
2023-07-25,1.6084477242855255,0.4296796926913471,1.1787680315941786,
2023-07-26,1.985236923277512,0.7407911388085802,1.2444457844689316,
2023-07-27,2.5114935672367267,1.0949316244942096,1.4165619427425171,
2023-07-28,2.7021334613103534,1.4163719918574385,1.285761469452915,
2023-07-31,2.51916319642433,1.6369302327708168,0.8822329636535131,
2023-08-01,2.480321385514486,1.8056084633195504,0.6747129221949355,
2023-08-02,2.656153911035119,1.9757175528626645,0.6804363581724546,
2023-08-03,2.6463799192232216,2.109850026134776,0.5365298930884457,
2023-08-04,3.3735783026273225,2.3625956814332856,1.010982621194037,
2023-08-07,3.421456485606285,2.5743678422678857,0.8470886433383993,
2023-08-08,3.187840173289459,2.6970623084722005,0.4907778648172582,
2023-08-09,3.0881369066789546,2.775277228113552,0.312859678565403,
2023-08-10,2.860755294301157,2.7923728413510727,0.0683824529500842,
2023-08-11,2.7521143695686874,2.784321146994596,-0.0322067774259084,sell
2023-08-14,2.8071436807376244,2.788885653743202,0.0182580269944225,buy
2023-08-15,2.7592362330125866,2.7829557695970792,-0.0237195365844926,sell
2023-08-16,2.825072435130977,2.791379102703859,0.0336933324271182,buy
2023-08-17,3.0414959845385,2.841402479070787,0.2000935054677128,
2023-08-18,3.355087130261893,2.9441394093090083,0.4109477209528847,
2023-08-21,4.073882619016558,3.1700880512505183,0.90379456776604,
2023-08-22,4.391185265544976,3.4143074941094103,0.976877771435566,
2023-08-23,4.565810583872974,3.644608112062123,0.9212024718108508,
2023-08-24,4.677715769641367,3.851229643577972,0.8264861260633949,
2023-08-25,5.027183185617844,4.0864203519859466,0.9407628336318972,
2023-08-28,5.453493176076705,4.359834916804099,1.0936582592726063,
2023-08-29,5.7572574913812105,4.639319431719521,1.1179380596616897,
2023-08-30,5.808386143071289,4.873132773989875,0.9352533690814138,
2023-08-31,5.795015301596891,5.057509279511278,0.7375060220856131,
2023-09-01,5.63154794372835,5.172317012354692,0.459230931373658,
2023-09-04,5.15132083492847,5.168117776869448,-0.0167969419409779,sell
2023-09-05,4.776199073504898,5.089734036196537,-0.313534962691639,
2023-09-06,4.083255253888069,4.888438279734844,-0.8051830258467749,
2023-09-07,3.48982912451433,4.608716448690741,-1.118887324176411,
2023-09-08,3.0234145886857107,4.291656076689735,-1.2682414880040245,
2023-09-11,2.6602303843905304,3.965370938229895,-1.3051405538393643,
2023-09-12,2.37089540513486,3.646475831610888,-1.2755804264760284,
2023-09-13,1.6289845763147923,3.2429775805516696,-1.6139930042368773,
2023-09-14,1.1488096012983249,2.8241439847010006,-1.6753343834026757,
2023-09-15,0.8392843690056964,2.42717206156194,-1.5878876925562435,
2023-09-18,0.175590419272055,1.9768557331039631,-1.801265313831908,
2023-09-19,-0.3910711130750712,1.5032703638681564,-1.894341476943228,
2023-09-20,-1.2445971442521682,0.9536968622440916,-2.19829400649626,
2023-09-21,-1.7914383693139655,0.4046698159324802,-2.196108185246445,
2023-09-22,-2.1085198035439703,-0.0979681079628099,-2.01055169558116,
2023-09-25,-2.232403892430227,-0.5248552648562934,-1.7075486275739338,
2023-09-26,-2.48829708010544,-0.9175436279061228,-1.570753452199317,
2023-09-27,-2.823161576658918,-1.298667217656682,-1.5244943590022366,
2023-09-28,-3.36685129245825,-1.7123040326169958,-1.6545472598412545,
2023-09-29,-3.507156895520893,-2.071274605197776,-1.435882290323118,
2023-10-02,-3.712727873469987,-2.399565258852218,-1.3131626146177693,
2023-10-03,-4.069198265043013,-2.733491860090377,-1.3357064049526364,
2023-10-04,-4.272595885049867,-3.0413126650822755,-1.2312832199675916,
2023-10-05,-4.462236802319637,-3.325497492529748,-1.1367393097898892,
2023-10-06,-4.386858754000258,-3.53776974482385,-0.8490890091764078,
2023-10-09,-4.332851921225824,-3.696786180104245,-0.6360657411215791,
2023-10-10,-4.514779879351551,-3.860384919953707,-0.6543949593978438,
2023-10-11,-4.7143555744146965,-4.031179050845905,-0.6831765235687914,
2023-10-12,-5.026794018416723,-4.230302044360069,-0.7964919740566536,
2023-10-13,-5.390592867496196,-4.462360208987295,-0.9282326585089002,
2023-10-16,-5.413961277829145,-4.652680422755665,-0.7612808550734798,
2023-10-17,-5.513364319795642,-4.824817202163661,-0.6885471176319804,
2023-10-18,-5.191775656723308,-4.898208893075591,-0.2935667636477177,
2023-10-19,-4.880653192416219,-4.894697752943716,0.0140445605274974,buy
2023-10-20,-4.851703646962903,-4.886098931747554,0.0343952847846509,
2023-10-23,-5.006666782041208,-4.910212501806285,-0.0964542802349228,sell
2023-10-24,-5.029539132520881,-4.934077827949205,-0.0954613045716765,
2023-10-25,-5.333960043779683,-5.014054271115301,-0.3199057726643826,
2023-10-26,-5.631338705947883,-5.137511158081818,-0.493827547866065,
2023-10-27,-5.3717768178352685,-5.184364290032508,-0.1874125278027607,
2023-10-30,-5.320190987344347,-5.211529629494876,-0.1086613578494706,
2023-10-31,-5.289345211462887,-5.227092745888479,-0.0622524655744083,
2023-11-01,-4.786097435926564,-5.138893683896096,0.3527962479695317,buy
2023-11-02,-3.8977284102394094,-4.890660629164759,0.9929322189253496,
2023-11-03,-2.732906770054427,-4.459109857342693,1.7262030872882654,
2023-11-06,-1.7293239263761393,-3.913152671149384,2.183828744773243,
2023-11-07,-1.128347921484277,-3.356191721216361,2.227843799732084,
2023-11-08,-0.7052658900563813,-2.8260065549843656,2.1207406649279843,
2023-11-09,0.0993170791826401,-2.2409418281509645,2.3402589073336046,
2023-11-10,0.529126333382095,-1.6869281958443527,2.216054529226448,
2023-11-13,0.8702119162063582,-1.1755001734342103,2.0457120896405687,
2023-11-14,1.1913449293455187,-0.7021311528782648,1.8934760822237835,
2023-11-15,0.961903900558866,-0.3693241421908386,1.3312280427497047,
2023-11-16,0.5111235628991437,-0.1932346011728421,0.7043581640719858,
2023-11-17,0.1393597819646288,-0.1267157245453479,0.2660755065099768,
2023-11-20,0.0658769361388351,-0.0881971924085113,0.1540741285473464,
2023-11-21,-0.4327877087234242,-0.1571152956714939,-0.2756724130519303,sell
2023-11-22,-0.8376926275331869,-0.2932307620438325,-0.5444618654893543,
2023-11-23,-0.8685703544920216,-0.4082986805334703,-0.4602716739585512,
2023-11-24,-0.2111831564741066,-0.3688755757215977,0.157692419247491,buy
2023-11-27,0.0111137440410402,-0.2928777117690701,0.3039914558101104,
2023-11-28,0.3103934952248153,-0.172223470370293,0.4826169655951083,
2023-11-29,0.1783717219901746,-0.1021044318981995,0.2804761538883741,
2023-11-30,0.3872051278947594,-0.0042425199396077,0.3914476478343672,
2023-12-01,1.185382809126054,0.2336825458735246,0.9517002632525292,
2023-12-04,1.6017854618386025,0.5073031290665402,1.0944823327720623,
2023-12-05,2.326183147447125,0.8710791327426572,1.4551040147044678,
2023-12-06,2.826538221386045,1.2621709504713348,1.56436727091471,
2023-12-07,3.9242347810659615,1.7945837165902605,2.129651064475702,
2023-12-08,4.217823427184811,2.279231658709171,1.93859176847564,
2023-12-11,4.27852309662623,2.679089946292583,1.5994331503336476,
2023-12-12,4.252592375001996,2.9937904320344653,1.2588019429675303,
2023-12-13,4.661648449228011,3.3273620354731746,1.3342864137548365,
2023-12-14,4.365021174627572,3.5348938633040543,0.8301273113235172,
2023-12-15,4.101224635557372,3.648160017754718,0.4530646178026543,
2023-12-18,4.332823077760963,3.785092629755967,0.5477304480049963,
2023-12-19,4.377946380595546,3.903663379923883,0.4742830006716629,
2023-12-20,4.732752998137244,4.069481303566555,0.6632716945706889,
2023-12-21,5.021416268312208,4.259868296515686,0.7615479717965226,
2023-12-22,5.203914086616692,4.448677454535887,0.7552366320808046,
2023-12-25,5.1017238976915,4.57928674316701,0.5224371545244892,
2023-12-26,4.981070913232259,4.65964357718006,0.3214273360521984,
2023-12-27,5.237413208448146,4.775197503433677,0.4622157050144686,
2023-12-28,5.159990069845804,4.852156016716103,0.3078340531297012,
2023-12-29,4.888162937666266,4.859357400906136,0.0288055367601298,
2024-01-01,4.965698227979516,4.880625566320813,0.0850726616587032,
2024-01-02,5.133388860242292,4.931178225105109,0.2022106351371828,
2024-01-03,5.18154090705508,4.981250761495103,0.2002901455599772,
2024-01-04,5.417881788095826,5.068576966815248,0.3493048212805787,
2024-01-05,5.810936532066847,5.217048879865568,0.5938876522012793,
2024-01-08,5.723205217148774,5.318280147322209,0.4049250698265645,
2024-01-09,5.613179768513277,5.377260071560423,0.2359196969528536,
2024-01-10,5.71508940541122,5.444825938330583,0.2702634670806372,
2024-01-11,5.824732688959045,5.520807288456275,0.30392540050277,
2024-01-12,5.57622263830325,5.53189035842567,0.0443322798775795,
2024-01-15,5.247774904731841,5.475067267686905,-0.2272923629550636,sell
2024-01-16,4.878788504871267,5.3558115151237775,-0.4770230102525108,
2024-01-17,4.226177638828119,5.129884739864646,-0.9037071010365264,
2024-01-18,3.5558280698332965,4.815073405858376,-1.2592453360250797,
2024-01-19,2.7156872044404,4.395196165574781,-1.6795089611343812,
2024-01-22,1.914828267685948,3.899122585997015,-1.9842943183110664,
2024-01-23,0.9975190919645912,3.31880188719053,-2.321282795225939,
2024-01-24,0.1852965857217441,2.6921008268967728,-2.5068042411750286,
2024-01-25,-0.8121460796904216,1.991251445579334,-2.803397525269756,
2024-01-26,-1.940944224048195,1.204812311653828,-3.145756535702023,
2024-01-29,-2.4753479642254206,0.4687802564779784,-2.9441282207033987,
2024-01-30,-2.56349507730755,-0.1376748102791273,-2.425820267028423,
2024-01-31,-2.2499522732858,-0.5601303028804618,-1.689821970405338,
2024-02-01,-2.4182027570489595,-0.9317447937141614,-1.486457963334798,
2024-02-02,-2.374089002082229,-1.220213635387775,-1.153875366694454,
2024-02-05,-2.003753849306804,-1.376921678171581,-0.6268321711352232,
2024-02-06,-1.4466678595333915,-1.390870914443943,-0.0557969450894486,
2024-02-07,-0.9673934474939756,-1.3061754210539498,0.3387819735599742,buy
2024-02-08,-0.848903313303623,-1.2147209995038843,0.3658176862002613,
2024-02-09,-0.5932326575897946,-1.0904233311210665,0.4971906735312719,
2024-02-12,-0.4076988657047025,-0.9538784380377936,0.5461795723330912,
2024-02-13,-0.4260105801456859,-0.8483048664593722,0.4222942863136862,
2024-02-14,-0.6484939965294245,-0.8083426924733828,0.1598486959439582,
2024-02-15,-0.4763827814849719,-0.7419507102757006,0.2655679287907286,
2024-02-16,-0.0983881511056097,-0.6132381984416824,0.5148500473360726,
