date,open,high,low,close,volume,sma_20,upper_bb,lower_bb,merged_signal
2024-02-13,183.99,187.26,182.1087,184.02,86759478.0,184.02,,,nan
2024-02-12,192.11,194.73,187.28,188.13,95498597.0,186.075,191.8874177413534,180.26258225864657,nan
2024-02-09,190.18,194.12,189.48,193.57,84476347.0,188.57333333333335,198.1541544533279,178.9925122133388,nan
2024-02-08,189.0,191.6171,185.58,189.56,83034043.0,188.82,196.7046855781741,180.9353144218259,nan
2024-02-07,188.18,189.79,182.68,187.58,111535217.0,188.572,195.48982335709724,181.65417664290277,nan
2024-02-06,177.21,186.49,177.11,185.1,122675954.0,187.99333333333334,194.79932677049348,181.1873398961732,nan
2024-02-05,184.26,184.68,175.01,181.06,134294447.0,187.00285714285715,195.13123307154643,178.87448121416787,nan
2024-02-02,185.04,188.69,182.0,187.91,110612672.0,187.11625,194.6689519763034,179.56354802369663,nan
2024-02-01,188.5,189.88,184.28,188.86,91843275.0,187.31,194.4699092173016,180.1500907826984,nan
2024-01-31,186.995,193.97,185.8459,187.29,103221430.0,187.308,194.0584389980702,180.5575610019298,nan
2024-01-30,195.33,196.3593,190.61,191.59,109982327.0,187.69727272727275,194.6022743400696,180.79227111447588,nan
2024-01-29,185.63,191.48,183.67,190.93,125013148.0,187.96666666666667,194.80977246518367,181.12356086814967,nan
2024-01-26,185.5,186.78,182.1,183.25,107343231.0,187.60384615384615,194.65870045643592,180.54899185125637,nan
2024-01-25,189.7,193.0,180.06,182.63,198076787.0,187.24857142857144,194.52942031036815,179.96772254677472,nan
2024-01-24,211.88,212.73,206.77,207.83,112930989.0,188.62066666666666,201.35577554312462,175.8855577902087,sell
2024-01-23,211.3,215.65,207.7516,209.14,106605946.0,189.903125,205.92284904048626,173.88340095951372,nan
2024-01-22,212.26,217.8,206.27,208.8,117952527.0,191.01470588235293,209.03174520301695,172.9976665616889,nan
2024-01-19,209.99,213.19,207.56,212.19,102260343.0,192.19111111111113,212.31973970048327,172.06248252173899,nan
2024-01-18,216.88,217.45,208.74,211.88,108595431.0,193.22736842105263,214.77414837342116,171.6805884686841,nan
2024-01-17,214.86,215.67,212.01,215.55,103164400.0,194.3435,217.57039754301434,171.11660245698567,nan
2024-01-16,215.1,223.49,212.18,219.91,115355046.0,196.138,221.45800798203916,170.81799201796085,nan
2024-01-12,220.08,225.34,217.1501,218.89,123043812.0,197.676,224.63192847594013,170.72007152405985,nan
2024-01-11,230.57,230.93,225.37,227.22,105873612.0,199.3585,229.27356381671103,169.44343618328895,nan
2024-01-10,235.1,235.5,231.29,233.94,91628502.0,201.5775,234.8300195721277,168.32498042787228,nan
2024-01-09,238.11,238.9646,232.04,234.96,96705664.0,203.9465,239.6600853702761,168.23291462972387,nan
2024-01-08,236.14,241.25,235.3,240.45,85166580.0,206.714,244.77923397924593,168.64876602075407,nan
2024-01-05,236.86,240.1196,234.9001,237.49,92240035.0,209.5355,247.95804517720995,171.11295482279007,nan
2024-01-04,239.25,242.7,237.73,237.93,102629283.0,212.03650000000002,251.0395289107209,173.03347108927915,nan
2024-01-03,244.98,245.68,236.32,238.45,121082599.0,214.516,253.62027808067205,175.41172191932793,nan
2024-01-02,250.08,251.25,244.41,248.42,104654163.0,217.5725,257.2682348232515,177.8767651767485,nan
2023-12-29,255.1,255.19,247.43,248.48,100891578.0,220.417,260.4253639150353,180.40863608496468,nan
2023-12-28,263.66,265.13,252.71,253.18,113619943.0,223.52949999999996,263.5646332417442,183.4943667582557,nan
2023-12-27,258.35,263.34,257.52,261.44,105853348.0,227.439,266.1618766330298,188.71612336697015,nan
2023-12-26,254.49,257.97,252.91,256.61,86892382.0,231.13799999999998,265.75436157109897,196.52163842890099,nan
2023-12-22,256.76,258.22,251.37,252.54,93370094.0,233.37349999999998,267.42214277378537,199.3248572262146,nan
2023-12-21,251.9,254.7999,248.55,254.5,109594227.0,235.6415,268.9278583722254,202.35514162777466,nan
2023-12-20,256.41,259.84,247.0,247.14,125096987.0,237.5585,268.6819027871735,206.43509721282652,nan
2023-12-19,253.48,258.3399,253.01,257.22,106287276.0,239.81000000000003,269.6967800382149,209.92321996178515,nan
2023-12-18,253.78,258.74,251.36,252.08,116416490.0,241.82000000000002,269.09041659110915,214.5495834088909,nan
2023-12-15,251.21,254.13,248.3,253.5,135932762.0,243.71750000000003,268.45510646635444,218.97989353364562,nan
2023-12-14,241.22,253.88,240.79,251.05,160829239.0,245.27450000000005,267.4946525173602,223.0543474826399,nan
2023-12-13,234.19,240.3,228.2,239.29,146286348.0,246.29450000000003,265.0118237796886,227.5771762203115,nan
2023-12-12,238.55,238.99,233.87,237.01,95328313.0,246.78399999999996,263.8392025092518,229.72879749074815,nan
2023-12-11,242.74,243.441,237.45,239.74,97913888.0,247.074,263.3909094080831,230.75709059191695,nan
2023-12-08,240.27,245.27,239.2701,243.84,103126829.0,247.51799999999997,262.90366879308584,232.13233120691407,nan
2023-12-07,241.55,244.08,236.98,242.64,107142262.0,247.6275,262.8314660684486,232.42353393155136,nan
2023-12-06,242.92,246.57,239.1709,239.37,125905295.0,247.72149999999996,262.6828780325072,232.76012196749275,nan
2023-12-05,233.87,246.66,233.7,238.72,137971115.0,247.76100000000002,262.6173350300916,232.90466496990842,nan
2023-12-04,235.75,239.3733,233.2902,235.58,104099817.0,247.6175,262.9017951733922,232.33320482660784,nan
2023-12-01,233.14,240.19,231.9,238.83,121331709.0,247.138,262.9102188807112,231.3657811192888,nan
2023-11-30,245.14,245.22,236.91,240.08,132353196.0,246.718,262.78437626584787,230.6516237341521,nan
2023-11-29,249.21,252.75,242.76,244.14,135401335.0,246.26600000000002,262.07347777743877,230.45852222256124,nan
2023-11-28,236.68,247.0,234.01,246.72,148549913.0,245.53000000000003,259.6425893778349,231.41741062216516,nan
2023-11-27,236.89,238.33,232.1,236.08,112031763.0,244.50350000000003,258.2032630021763,230.80373699782376,nan
2023-11-24,233.75,238.75,232.33,235.45,65125203.0,243.64900000000003,257.3700846586753,229.92791534132473,nan
2023-11-22,242.04,244.01,231.4,234.21,118117078.0,242.63450000000003,255.9725350087539,229.29646499124615,nan
2023-11-21,235.04,243.62,233.34,241.2,122288000.0,242.3375,255.51670351398997,229.15829648601004,nan
2023-11-20,234.04,237.1,231.02,235.6,116562402.0,241.25650000000002,252.7324983397848,229.78050166021524,nan
2023-11-17,232.0,237.39,226.54,234.3,142766234.0,240.36749999999998,251.0397105932826,229.69528940671736,nan
2023-11-16,239.49,240.88,230.96,233.59,136816819.0,239.37199999999999,248.48714552241165,230.25685447758832,nan
2023-11-15,239.29,246.7,236.45,242.84,150353975.0,238.96149999999997,246.45801224166794,231.464987758332,nan
2023-11-14,235.03,238.135,230.72,237.41,149771642.0,238.86749999999998,246.3937568455552,231.34124315444475,nan
2023-11-13,215.6,225.4,211.6101,223.71,140447569.0,238.20250000000001,248.32300107975223,228.0819989202478,buy
2023-11-10,210.03,215.38,205.69,214.65,131310128.0,236.948,251.5110933671749,222.3849066328251,nan
2023-11-09,219.75,220.8,206.68,209.98,142110454.0,235.25500000000002,253.77864577051662,216.73135422948343,nan
2023-11-08,223.15,224.15,217.64,222.11,106584841.0,234.2285,253.2963823652427,215.1606176347573,nan
2023-11-07,219.98,223.12,215.72,222.18,116900130.0,233.369,253.00238284925086,213.73561715074914,nan
2023-11-06,223.98,226.32,215.0,219.27,117335820.0,232.3965,252.82462640505844,211.96837359494157,nan
2023-11-03,221.15,226.3701,218.4,219.96,119534790.0,231.61550000000003,252.71450119860987,210.51649880139018,nan
2023-11-02,212.97,219.2,211.45,218.51,125987621.0,230.59949999999998,252.18705633278213,209.01194366721782,nan
2023-11-01,204.04,205.99,197.85,205.66,121661656.0,228.87849999999997,252.66026769579645,205.0967323042035,nan
2023-10-31,196.12,202.8,194.07,200.84,118068273.0,226.71349999999998,252.44886929269836,200.9781307073016,nan
2023-10-30,209.28,210.88,194.67,197.36,136448167.0,224.2455,251.33411207611982,197.15688792388016,nan
2023-10-27,210.6,212.41,205.77,207.3,94881173.0,222.8065,250.30270626463485,195.31029373536515,nan
2023-10-26,211.32,214.8,204.88,205.76,115112635.0,221.32199999999997,249.1479504779257,193.49604952207426,nan
2023-10-25,215.88,220.1,212.2,212.42,107065087.0,220.2325,247.63688526183208,192.8281147381679,nan
2023-10-24,216.5,222.05,214.11,216.52,118231113.0,218.9985,244.5902052968334,193.4067947031666,nan
2023-10-23,210.0,216.98,202.51,212.08,150683368.0,217.8225,242.3411905076616,193.3038094923384,nan
2023-10-20,217.01,218.8606,210.42,211.99,138010095.0,216.70700000000002,240.07212299628543,193.34187700371461,nan
2023-10-19,225.95,230.61,216.78,220.11,170772713.0,216.033,238.08853669597124,193.97746330402873,nan
2023-10-18,252.7,254.63,242.08,242.68,125147846.0,216.025,238.03967405355291,194.0103259464471,sell
2023-10-17,250.1,257.183,247.08,254.85,93562909.0,216.89700000000002,243.4019056829698,190.39209431703023,nan
2023-10-16,250.05,255.3999,248.48,253.92,88917176.0,218.40750000000003,249.57960620511756,187.2353937948825,nan
2023-10-13,258.9,259.6,250.22,251.12,102296786.0,220.231,254.5823173883588,185.8796826116412,nan
2023-10-12,262.92,265.41,256.6307,258.87,111508114.0,222.6755,260.7154775720779,184.63552242792213,nan
2023-10-11,266.2,268.6,260.9,262.99,103706266.0,224.7195,266.8091784322035,182.6298215677965,nan
2023-10-10,257.75,268.94,257.65,263.62,122656030.0,226.79149999999998,272.29628530070374,181.28671469929623,nan
2023-10-09,255.31,261.36,252.05,259.67,101377947.0,228.81149999999997,276.44733537190183,181.1756646280981,nan
2023-10-06,253.98,261.65,250.65,260.53,118121812.0,230.83999999999997,280.3087329213322,181.37126707866776,nan
2023-10-05,260.0,263.6,256.25,260.05,119159214.0,232.917,283.67733557186574,182.15666442813426,nan
2023-10-04,248.14,261.86,247.6,261.16,129721567.0,235.692,286.2460168012082,185.1379831987918,nan
2023-10-03,248.61,250.02,244.45,246.53,101985305.0,237.97650000000004,285.96342246194195,189.98957753805811,nan
2023-10-02,244.81,254.2799,242.62,251.6,123810402.0,240.68849999999998,285.00040467345633,196.37659532654362,nan
2023-09-29,250.0,254.77,246.35,250.22,128522729.0,242.8345,284.4107824469105,201.2582175530895,nan
2023-09-28,240.02,247.55,238.65,246.38,117058870.0,244.86550000000003,282.6079577198791,207.12304228012096,nan
2023-09-27,244.262,245.33,234.58,240.5,136597184.0,246.26950000000002,280.89004484353444,211.6489551564656,nan
2023-09-26,242.98,249.55,241.6601,244.12,101993631.0,247.6495,279.3546040055071,215.9443959944929,nan
2023-09-25,243.38,247.1,238.31,246.99,104636557.0,249.39499999999998,276.34163302861737,222.44836697138263,nan
2023-09-22,257.4,257.7888,244.48,244.88,127524083.0,251.0395,271.6422003595473,230.4367996404527,nan
2023-09-21,257.85,260.86,254.21,255.7,119951516.0,252.81900000000002,267.4584735309433,238.17952646905675,nan
2023-09-20,267.04,273.93,262.4606,262.59,122514643.0,253.8145,268.2574556313261,239.37154436867394,nan
2023-09-19,264.35,267.85,261.2,266.5,103704040.0,254.397,269.9154685896661,238.87853141033386,nan
2023-09-18,271.16,271.44,263.7601,265.28,101543305.0,254.96499999999997,271.22388129769894,238.706118702301,nan
2023-09-15,277.55,278.98,271.0,274.39,133692313.0,256.1285,274.43087404790725,237.8261259520927,nan
2023-09-14,271.32,276.7094,270.42,276.04,107709842.0,256.98699999999997,277.32804908540294,236.64595091459697,nan
2023-09-13,270.07,274.98,268.1,271.3,111673737.0,257.40250000000003,278.5820580441946,236.22294195580548,nan
2023-09-12,270.76,278.39,266.6,267.48,135999866.0,257.5955,279.08174379996694,236.1092562000331,nan
2023-09-11,264.27,274.85,260.61,273.58,174667852.0,258.291,280.9296022443742,235.65239775562574,nan
2023-09-08,251.22,256.52,246.67,248.5,118559635.0,257.6895,280.7136040513732,234.6653959486268,nan
2023-09-07,245.07,252.81,243.265,251.49,115312886.0,257.2615,280.4187094264635,234.1042905735365,nan
2023-09-06,255.135,255.39,245.06,251.92,116959759.0,256.7995,279.9978760547799,233.60112394522017,nan
2023-09-05,245.0,258.0,244.86,256.49,129469565.0,257.2975,279.98974386390614,234.60525613609389,nan
2023-09-01,257.26,259.0794,242.01,245.01,132541640.0,256.968,280.193688681649,233.742311318351,nan
2023-08-31,255.98,261.18,255.05,258.08,108861698.0,257.361,280.3709153913226,234.35108460867733,nan
2023-08-30,254.2,260.51,250.59,256.9,121988437.0,257.887,280.31355202632614,235.46044797367387,nan
2023-08-29,238.58,257.48,237.77,257.18,134047603.0,258.721,279.61317723153155,237.82882276846848,nan
2023-08-28,242.58,244.38,235.35,238.82,107673727.0,258.456,280.24325209117137,236.66874790882866,nan
2023-08-25,231.31,239.0,230.35,238.59,106612231.0,258.036,281.04360277089285,235.02839722910713,nan
2023-08-24,238.66,238.92,228.1801,230.04,99777432.0,257.294,282.89867013323186,231.6893298667681,buy
2023-08-23,229.34,238.98,229.29,236.86,101077635.0,256.352,283.5408371830878,229.16316281691218,nan
2023-08-22,240.25,240.82,229.55,233.19,130597886.0,254.882,283.7763765062381,225.9876234937619,nan
2023-08-21,221.5512,232.1343,220.58,231.28,135702671.0,253.121,283.2985719437645,222.9434280562355,nan
2023-08-18,214.12,217.58,212.36,215.49,136276584.0,250.63150000000002,284.5665973570374,216.69640264296265,nan
2023-08-17,226.06,226.74,218.83,219.22,120718417.0,247.873,282.6356115547334,213.1103884452666,nan
2023-08-16,228.02,233.97,225.38,225.6,112484520.0,245.35100000000003,278.8035051536151,211.89849484638495,nan
2023-08-15,238.73,240.5,232.61,232.96,88197599.0,243.43400000000003,274.9643412103662,211.90365878963388,nan
2023-08-14,235.7,240.66,233.75,239.76,98595331.0,242.048,271.4960442385176,212.5999557614824,nan
2023-08-11,241.77,243.79,238.02,242.65,99038642.0,240.50150000000002,265.9548705967765,215.04812940322356,nan
2023-08-10,245.4,251.8,243.0,245.34,109498608.0,240.34350000000003,265.62647806825777,215.06052193174227,nan
2023-08-09,250.87,251.1,241.9,242.19,101596324.0,239.87849999999997,264.63490589083113,215.1220941091688,nan
2023-08-08,247.45,250.92,245.01,249.7,96642183.0,239.76749999999998,264.3156094780712,215.21939052192877,nan
2023-08-07,251.45,253.6511,242.76,251.45,111097943.0,239.51549999999997,263.4362669961523,215.59473300384764,nan
2023-08-04,260.97,264.77,253.11,253.86,99539907.0,239.958,264.62258667380166,215.29341332619833,nan
2023-08-03,252.04,260.49,252.0,259.32,97829545.0,240.01999999999998,264.8818371680055,215.15816283199442,nan
2023-08-02,255.57,259.52,250.49,254.11,101752865.0,239.88049999999998,264.3720946698798,215.38890533012017,nan
2023-08-01,266.26,266.47,260.25,261.07,83645720.0,240.075,265.1986818454956,214.95131815450438,nan
2023-07-31,267.48,269.08,263.78,267.43,84582172.0,241.50549999999998,269.4301787476221,213.58082125237783,nan
2023-07-28,259.86,267.25,258.2312,266.44,111446026.0,242.898,272.91006606472956,212.88593393527043,nan
2023-07-27,268.31,269.13,255.3,255.71,103697263.0,244.1815,274.0736262472069,214.28937375279307,nan
2023-07-26,263.25,268.04,261.75,264.35,95856177.0,245.55600000000004,276.53881452336907,214.573185476631,nan
2023-07-25,272.38,272.9,265.0,265.28,112757327.0,247.1605,278.7643641707993,215.5566358292007,nan
2023-07-24,255.85,269.85,254.12,269.06,137005037.0,249.0495,281.16885469955474,216.93014530044525,nan
2023-07-21,268.0,268.0,255.8,260.02,161796073.0,251.276,279.5428385959688,223.0091614040312,nan
2023-07-20,279.56,280.93,261.2,262.9,175158273.0,253.45999999999998,277.7713592683279,229.14864073167206,nan
2023-07-19,296.04,299.29,289.5201,291.26,142355353.0,256.743,282.8784730506066,230.60752694939342,sell
2023-07-18,290.15,295.26,286.01,293.34,112434713.0,259.762,288.179826577141,231.34417342285897,nan
2023-07-17,286.625,292.23,283.57,290.38,131569593.0,262.293,292.1883748226966,232.39762517730344,nan
2023-07-14,277.01,285.3,276.31,281.38,120062369.0,264.22950000000003,293.7830171831508,234.67598281684928,nan
2023-07-13,274.59,279.45,270.6,277.9,112681458.0,265.85749999999996,294.6059955212771,237.1090044787228,nan
2023-07-12,276.325,276.52,271.46,271.99,95672139.0,267.34749999999997,293.9392121041807,240.75578789581922,nan
2023-07-11,268.65,270.9,266.37,269.79,91972358.0,268.352,293.6217744142567,243.08222558574326,nan
2023-07-10,276.47,277.52,265.1,269.61,119425405.0,269.26000000000005,293.24500759795046,245.2749924020496,nan
2023-07-07,278.43,280.78,273.77,274.43,113879174.0,270.2885,293.23464039326495,247.34235960673504,nan
2023-07-06,278.09,279.97,272.88,276.54,120707419.0,271.1495,293.65069199181875,248.64830800818123,nan
2023-07-05,278.82,283.85,277.6,282.48,131530862.0,272.56800000000004,294.1024772277793,251.0335227722208,nan
2023-07-03,276.49,284.25,275.11,279.82,119685891.0,273.5055,294.55953821748255,252.4514617825174,nan
2023-06-30,260.6,264.45,259.89,261.77,112620784.0,273.2225,294.76683849187975,251.6781615081203,nan
2023-06-29,258.03,260.74,253.61,257.5,131283360.0,272.7755,295.26269633363455,250.28830366636547,nan
2023-06-28,249.7,259.88,248.89,256.24,159770797.0,272.802,295.2056130544784,250.39838694552162,nan
2023-06-27,243.24,250.3899,240.85,250.21,164968214.0,272.095,296.4307830538112,247.75921694618884,nan
2023-06-26,250.065,258.37,240.7,241.05,179990552.0,270.8835,298.79722895566954,242.9697710443305,buy
2023-06-23,259.29,262.45,252.8,256.6,177460803.0,270.2605,298.8925317311344,241.62846826886556,nan
2023-06-22,250.77,265.0,248.25,264.61,166875944.0,270.49,298.8486979138408,242.13130208615922,nan
2023-06-21,275.13,276.99,257.78,259.46,211797109.0,270.31800000000004,298.91128563068526,241.7247143693148,nan
2023-06-20,261.5,274.75,261.12,274.45,165611217.0,269.4775,296.4193991828528,242.53560081714724,nan
2023-06-16,258.92,263.6,257.2091,260.54,167915649.0,267.8375,292.5656266449457,243.1093733550542,nan
2023-06-15,248.4,258.95,247.29,255.9,160171238.0,266.1135,288.9604841612238,243.26651583877614,nan
2023-06-14,260.17,261.57,250.5,256.79,170575536.0,264.88399999999996,286.9033956607172,242.86460433928275,nan
2023-06-13,253.51,259.68,251.34,258.71,162384343.0,263.92449999999997,285.21618206749315,242.63281793250675,nan
2023-06-12,247.94,250.97,244.59,249.83,150740523.0,262.8165,284.6406491303375,240.99235086966252,nan
2023-06-09,249.07,252.42,242.02,244.4,200242371.0,261.547,284.5833521417792,238.51064785822086,nan
2023-06-08,224.22,235.23,223.01,234.86,164489739.0,259.80949999999996,285.38706045731135,234.23193954268854,nan
2023-06-07,228.0,230.8296,223.2,224.57,185710777.0,257.3165,286.37639261761683,228.2566073823832,nan
2023-06-06,216.14,221.91,212.53,221.31,146911576.0,254.555,286.29630597916866,222.81369402083135,nan
2023-06-05,217.8,221.29,214.52,217.61,151143052.0,251.31149999999997,284.27207119778507,218.35092880221487,nan
2023-06-02,210.15,217.25,209.752,213.97,164398372.0,248.019,282.1248364506729,213.9131635493271,nan
2023-06-01,202.59,209.8,199.37,207.52,148029931.0,245.3065,283.223762434495,207.38923756550503,nan
2023-05-31,199.78,203.95,195.12,203.93,149356274.0,242.628,284.3009378803438,200.95506211965616,nan
2023-05-30,200.1,204.48,197.53,201.16,128818746.0,239.87399999999997,284.90411502258695,194.84388497741298,nan
2023-05-26,184.62,198.6,184.53,193.17,162061496.0,237.022,286.3189116572977,187.7250883427023,nan
2023-05-25,186.54,186.78,180.58,184.47,96870719.0,234.19299999999998,288.7318402787171,179.65415972128287,nan
2023-05-24,182.23,184.22,178.22,182.9,137605054.0,230.50799999999998,288.52091674682225,172.4950832531777,nan
2023-05-23,186.2,192.96,185.26,185.77,156952130.0,226.56599999999997,285.5287409203655,167.60325907963443,nan
2023-05-22,180.7,189.32,180.11,188.87,132001430.0,223.0365,282.1593847935876,163.91361520641235,nan
2023-05-19,177.17,181.95,176.31,180.14,136196668.0,218.321,275.1786089987319,161.46339100126812,nan
2023-05-18,174.22,177.06,172.45,176.89,109520332.0,214.13849999999996,270.2210693063365,158.05593069366338,nan
2023-05-17,168.41,174.5,167.185,173.86,125473558.0,210.03650000000002,265.25237463383144,154.82062536616857,nan
2023-05-16,165.65,169.5184,164.35,166.52,98288792.0,205.523,259.3885797137168,151.65742028628318,nan
2023-05-15,167.655,169.76,164.5499,166.35,105592510.0,200.90500000000003,251.29563551264724,150.51436448735282,nan
2023-05-12,176.07,177.38,167.23,167.98,157849625.0,196.8125,243.64187803738653,149.98312196261347,nan
2023-05-11,168.7,173.57,166.79,172.08,103889930.0,193.19650000000001,235.50445086406134,150.8885491359387,nan
2023-05-10,172.55,174.43,166.68,168.54,119840693.0,189.8805,228.69043224746304,151.070567752537,nan
2023-05-09,168.95,169.82,166.56,169.15,88965043.0,187.1095,223.31745171462285,150.90154828537715,nan
2023-05-08,173.72,173.8,169.19,171.79,112249449.0,184.6335,217.62385347045102,151.64314652954897,nan
2023-05-05,163.97,170.7899,163.51,170.06,107607259.0,182.256,211.92651870122998,152.58548129877002,nan
2023-05-04,162.71,162.95,159.65,161.2,95108492.0,179.6175,206.68450136989563,152.55049863010439,nan
2023-05-03,160.01,165.0,159.91,160.61,119727972.0,177.272,202.20418304880226,152.33981695119772,nan
2023-05-02,161.88,165.49,158.93,160.31,128259744.0,175.091,197.73046521592755,152.45153478407246,nan
2023-05-01,163.17,163.28,158.83,161.83,109015048.0,173.12449999999998,192.87829774279345,153.37070225720652,nan
2023-04-28,160.9,165.0,157.32,164.31,122515812.0,171.68149999999997,189.37918260179046,153.98381739820948,nan
2023-04-27,152.64,160.48,152.37,160.19,127015177.0,170.4675,187.79876639160784,153.13623360839216,nan
2023-04-26,160.29,160.67,153.14,153.75,152247096.0,169.01,186.8348342429742,151.18516575702577,nan
2023-04-25,159.82,163.47,158.75,160.67,121999312.0,167.755,184.08288960482648,151.42711039517351,nan
2023-04-24,164.65,165.65,158.61,162.55,140006559.0,166.43900000000002,179.52142356430267,153.35657643569738,nan
2023-04-21,164.8,166.0,161.3208,165.08,123538954.0,165.686,177.07159459187608,154.30040540812394,nan
2023-04-20,166.165,169.7,160.56,162.99,210970819.0,164.99099999999999,175.12514426579918,154.8568557342008,nan
2023-04-19,179.1,183.5,177.65,180.59,125732687.0,165.32750000000001,177.02756005382832,153.6274399461717,sell
2023-04-18,187.15,187.69,183.5775,184.31,92067016.0,166.21699999999998,180.67800542475413,151.75599457524584,nan
2023-04-17,186.32,189.69,182.69,187.04,116177121.0,167.2515,184.45308533085742,150.04991466914257,nan
2023-04-14,183.95,186.28,182.01,185.0,96438664.0,168.1025,187.05114847284366,149.15385152715632,nan
2023-04-13,182.955,186.5,180.94,185.9,112932985.0,168.7935,189.29702706500265,148.28997293499734,nan
2023-04-12,190.74,191.5846,180.31,180.54,150256278.0,169.3935,190.557473634458,148.22952636554197,nan
2023-04-11,186.69,189.19,185.6475,186.79,115770892.0,170.2755,192.8218774427181,147.7291225572819,nan
2023-04-10,179.94,185.1,176.11,184.51,142154637.0,170.9115,194.33819756810385,147.48480243189613,nan
2023-04-06,183.08,186.39,179.74,185.06,123857932.0,171.6615,195.9191228062554,147.4038771937446,nan
2023-04-05,190.515,190.68,183.76,185.52,133882493.0,172.8775,197.3642103591022,148.3907896408978,nan
2023-04-04,197.32,198.7446,190.32,192.58,126463845.0,174.476,199.75210929420643,149.19989070579356,nan
2023-04-03,199.91,202.6897,192.2,194.77,169545900.0,176.199,202.09955630371954,150.2984436962805,nan
2023-03-31,197.53,207.79,197.2,207.46,170222118.0,178.4805,206.9619306818364,149.9990693181636,nan
2023-03-30,195.58,197.33,194.42,195.28,110252238.0,180.02900000000002,208.6338379419331,151.42416205806694,nan
2023-03-29,193.13,195.29,189.44,193.88,123660026.0,181.7135,209.35076719295492,154.0762328070451,nan
2023-03-28,192.0,192.35,185.43,189.19,98654635.0,183.4855,207.93428253346102,159.036717466539,nan
2023-03-27,194.415,197.39,189.94,191.81,120851587.0,185.0425,207.23564438953582,162.84935561046416,nan
2023-03-24,191.65,192.36,187.15,190.41,116531584.0,186.4355,206.02944586949988,166.8415541305001,nan
2023-03-23,195.26,199.31,188.65,192.22,144193876.0,187.7925,204.73951945538224,170.84548054461774,nan
2023-03-22,199.3,200.66,190.95,191.15,150376373.0,189.2005,201.5179373189116,176.8830626810884,nan
2023-03-21,188.28,198.0,188.04,197.58,153391444.0,190.05,202.20954292770008,177.89045707229994,nan
2023-03-20,178.08,186.44,176.35,183.25,129684359.0,189.997,202.27059184762797,177.72340815237206,nan
2023-03-17,184.515,186.2199,177.33,180.13,133197140.0,189.6515,202.64357414258285,176.65942585741715,nan
2023-03-16,180.365,185.81,178.84,184.13,121374453.0,189.608,202.67128015550102,176.54471984449899,nan
2023-03-15,180.8,182.34,176.03,180.45,145995583.0,189.3355,202.9405973032769,175.7304026967231,nan
2023-03-14,177.31,183.8,177.1401,183.26,143717897.0,189.47150000000002,202.75702560218713,176.1859743978129,nan
2023-03-13,167.455,177.35,163.91,174.48,167790256.0,188.856,203.71234707527748,173.9996529247225,nan
2023-03-10,175.13,178.29,168.44,173.44,191488872.0,188.30249999999998,204.59596381706316,172.0090361829368,nan
2023-03-09,180.25,185.18,172.5124,172.92,170023794.0,187.69549999999998,205.34563251776848,170.04536748223148,nan
2023-03-08,185.04,186.5,180.0,182.0,151897763.0,187.5195,205.3304398374928,169.70856016250718,nan
2023-03-07,191.38,194.2,186.1,187.71,148125790.0,187.276,204.92808966308905,169.62391033691097,nan
2023-03-06,198.54,198.6,192.3,193.81,128100106.0,187.228,204.79932424689514,169.65667575310488,nan
2023-03-03,194.795,200.48,192.88,197.79,154193277.0,186.7445,202.39943629901975,171.08956370098022,nan
2023-03-02,186.74,193.7499,186.01,190.9,181979154.0,186.5255,201.79549186571484,171.25550813428515,nan
2023-03-01,206.21,207.2,198.52,202.77,156852790.0,186.97,203.59853349865347,170.34146650134653,nan
2023-02-28,210.59,211.23,203.75,205.71,153144912.0,187.796,206.41137157693663,169.18062842306335,nan
2023-02-27,202.03,209.42,201.26,207.63,161028315.0,188.58700000000002,209.16183910533883,168.0121608946612,nan
2023-02-24,196.325,197.6695,192.8,196.88,142228105.0,188.9105,209.80696907972862,168.0140309202714,nan
2023-02-23,203.91,205.14,196.33,202.07,146359950.0,189.403,211.07770036216252,167.72829963783747,nan
2023-02-22,197.93,201.99,191.78,200.86,191828457.0,189.8885,212.1548855928275,167.6221144071725,nan
2023-02-21,204.99,209.71,197.22,197.37,180018588.0,189.878,212.12930685695022,167.62669314304975,nan
2023-02-17,199.985,208.44,197.5,208.31,213738549.0,191.131,214.5998199869317,167.6621800130683,nan
2023-02-16,210.78,217.65,201.84,202.04,229586538.0,192.2265,215.578331011272,168.87466898872796,nan
2023-02-15,211.755,214.66,206.11,214.24,182108581.0,193.732,218.71166886974618,168.75233113025382,nan
2023-02-14,191.94,209.82,189.44,209.25,216455708.0,195.172,220.2480868264245,170.0959131735755,nan
2023-02-13,194.415,196.3,187.61,194.64,172475452.0,195.74099999999999,220.18754826566172,171.29445173433825,nan
2023-02-10,202.225,206.2,192.89,196.89,204754129.0,196.8615,219.16533424672383,174.55766575327618,nan
2023-02-09,207.775,214.0,204.77,207.32,215431442.0,198.5555,218.3776603528148,178.7333396471852,nan
2023-02-08,196.1,203.0,194.31,201.29,180673644.0,199.974,215.7114275969262,184.23657240307378,nan
2023-02-07,196.43,197.5,189.55,196.81,186010325.0,200.7145,214.1104608602181,187.31853913978188,nan
2023-02-06,193.01,198.17,189.92,194.76,186188131.0,201.067,213.3466350022934,188.78736499770662,nan
2023-02-03,183.95,199.0,183.69,189.98,232662023.0,200.87550000000002,213.73730714977373,188.0136928502263,nan
2023-02-02,187.325,196.7501,182.61,188.27,217448287.0,200.39950000000002,214.39664779217054,186.4023522078295,nan
2023-02-01,173.89,183.805,169.93,181.41,213806323.0,199.925,215.79604811980377,184.05395188019625,buy
2023-01-31,164.57,174.3,162.78,173.22,196813541.0,198.4475,218.22457963647412,178.67042036352586,nan
2023-01-30,178.05,179.77,166.5,166.66,230878807.0,196.495,220.50963281988194,172.48036718011807,nan
2023-01-27,162.43,180.68,161.17,177.9,306590613.0,195.0085,219.78934767676463,170.22765232323536,nan
2023-01-26,159.965,161.42,154.76,160.27,234815090.0,193.178,222.38930177823318,163.96669822176682,nan
2023-01-25,141.905,146.41,138.07,144.43,192734347.0,190.296,226.37882017219556,154.21317982780442,nan
2023-01-24,143.0,146.5,141.1,143.89,158699056.0,187.4475,228.65045537432962,146.24454462567036,nan
2023-01-23,135.87,145.3793,134.27,143.75,203119211.0,184.7665,230.0289093016437,139.50409069835632,nan
2023-01-20,128.68,133.51,127.3466,133.42,138858136.0,181.022,230.29673596287012,131.74726403712987,nan
2023-01-19,127.26,129.99,124.3082,127.17,170291880.0,177.2785,231.00490996166087,123.55209003833914,nan
2023-01-18,136.555,136.68,127.01,128.78,195680318.0,173.00549999999998,227.93470859471876,118.07629140528121,nan
2023-01-17,125.695,131.7,125.02,131.49,186476985.0,169.1175,224.25241085271523,113.98258914728477,nan
2023-01-13,116.55,122.63,115.6,122.4,180714119.0,165.5055,223.0143520325808,107.99664796741924,nan
2023-01-12,122.56,124.1311,117.0,123.56,169400913.0,161.839,220.26591697641098,103.41208302358902,nan
2023-01-11,122.09,125.95,120.51,123.22,183810771.0,157.634,214.35930722702162,100.90869277297836,nan
2023-01-10,121.07,122.76,114.92,118.85,167642485.0,153.512,208.84429174246867,98.17970825753133,nan
2023-01-09,118.96,123.52,117.11,119.77,190283951.0,149.66000000000003,202.99103095907552,96.32896904092453,nan
2023-01-06,103.0,114.39,101.81,113.06,220911051.0,145.575,196.8364559211681,94.31354407883188,nan
2023-01-05,110.51,111.75,107.1601,110.34,157986324.0,141.593,190.65649231245868,92.5295076875413,nan
2023-01-04,109.11,114.59,107.52,113.64,180388976.0,137.8615,183.18715406965524,92.53584593034478,nan
2023-01-03,118.47,118.8,104.64,108.1,231402818.0,134.196,176.44595317343953,91.94604682656045,nan
2022-12-30,119.95,124.48,119.75,123.18,157777339.0,131.694,169.95159692015687,93.4364030798431,nan
2022-12-29,120.385,123.57,117.495,121.82,221923313.0,129.452,164.17390608398668,94.73009391601332,nan
2022-12-28,110.35,116.27,108.24,112.71,221070537.0,126.1925,153.13200405904476,99.25299594095523,nan
2022-12-27,117.495,119.67,108.76,109.1,208643444.0,123.63399999999999,146.33206057098545,100.93593942901452,nan
2022-12-23,126.37,128.6173,121.02,123.15,166989688.0,122.57000000000001,143.05017269663813,102.08982730336187,nan
2022-12-22,136.0,136.63,122.26,125.35,210090250.0,121.643,139.58047867044144,103.70552132955858,nan
2022-12-21,139.335,141.26,135.89,137.57,145417412.0,121.33400000000002,137.8223862157553,104.84561378424473,nan
2022-12-20,146.05,148.47,137.66,137.8,159563267.0,121.553,138.81547051904687,104.29052948095314,nan
2022-12-19,154.0,155.25,145.82,149.87,139390634.0,122.68800000000002,144.0125769748853,101.36342302511474,sell
2022-12-16,159.635,160.99,150.04,150.23,139032175.0,123.76050000000001,148.29167327208745,99.22932672791256,nan
2022-12-15,153.44,160.9299,153.28,157.67,122334459.0,125.06949999999999,153.775952951428,96.363047048572,nan
2022-12-14,159.25,161.62,155.31,156.8,140682338.0,126.7895,158.75928012205517,94.81971987794485,nan
2022-12-13,174.87,175.05,156.91,160.95,175862722.0,128.659,164.02602889177297,93.29197110822702,nan
2022-12-12,176.1,177.37,167.52,167.82,109794471.0,130.889,170.21481897296823,91.56318102703179,nan
2022-12-09,173.84,182.5,173.36,179.05,104872336.0,133.89899999999997,178.24052759517448,89.55747240482546,nan
2022-12-08,172.2,175.2,169.06,173.44,97624491.0,136.58249999999998,183.73098030145601,89.43401969854395,nan
2022-12-07,175.03,179.38,172.218,174.04,84213284.0,139.6315,188.23944705438666,91.02355294561332,nan
2022-12-06,181.215,183.65,175.33,179.82,92150823.0,143.1055,192.81778693825643,93.39321306174358,nan
2022-12-05,189.44,191.27,180.55,182.45,93122667.0,146.546,197.18769840005442,95.90430159994557,nan
2022-12-02,191.78,196.25,191.11,194.86,73645922.0,150.884,202.5133378042489,99.25466219575108,nan
2022-12-01,197.08,198.92,191.8,194.7,80046213.0,154.46,207.8860338668035,101.03396613319651,nan
2022-11-30,182.43,194.76,180.6301,194.7,109186404.0,158.10399999999998,212.0950976677491,104.11290233225088,nan
2022-11-29,184.99,186.38,178.75,180.83,83357111.0,161.51,211.9194239309739,111.1005760690261,nan
2022-11-28,179.96,188.5,179.0,182.92,93038148.0,165.201,209.9444393426628,120.45756065733718,nan
2022-11-25,185.06,185.2,180.63,182.86,50672739.0,168.1865,208.90290676680627,127.47009323319371,nan
2022-11-23,173.57,183.62,172.5,183.2,109536709.0,171.079,206.90836396456544,135.24963603543458,nan
2022-11-22,168.63,170.92,166.185,169.91,78452327.0,172.69599999999997,204.8927650548939,140.49923494510602,nan
2022-11-21,175.85,176.77,167.54,167.87,92882712.0,174.1995,202.05003980389728,146.34896019610272,nan
2022-11-18,185.05,185.19,176.55,180.19,76048866.0,175.71549999999996,201.18930943966703,150.2416905603329,nan
2022-11-17,183.96,186.16,180.9,183.17,64335970.0,177.3625,199.99992953140944,154.7250704685906,nan
2022-11-16,191.51,192.57,185.66,186.92,66567599.0,178.825,199.8258816857532,157.8241183142468,nan
2022-11-15,195.88,200.8237,192.06,194.42,91293785.0,180.706,200.07643911683493,161.33556088316504,nan
2022-11-14,192.77,195.73,186.34,190.95,92226649.0,182.206,199.68926164921186,164.72273835078812,nan
2022-11-11,186.0,196.52,182.59,195.97,114403575.0,183.6135,200.74933905153372,166.47766094846625,nan
2022-11-10,189.9,191.0,180.03,190.72,132703015.0,184.197,201.47273911893015,166.92126088106986,nan
2022-11-09,190.775,195.89,177.12,177.59,127062659.0,184.4045,201.2300525912248,167.57894740877524,nan
2022-11-08,194.02,195.2,186.75,191.3,128803404.0,185.2675,201.61858864877422,168.9164113512258,nan
2022-11-07,208.65,208.9,196.66,197.08,93916520.0,186.1305,203.08191972008217,169.17908027991786,nan
2022-11-04,222.6,223.8,203.08,207.47,98622212.0,187.38150000000002,206.71482903508928,168.04817096491075,nan
2022-11-03,211.36,221.2,210.14,215.31,56538848.0,188.404,211.24720320427193,165.56079679572807,nan
2022-11-02,226.04,227.8699,214.82,214.98,63070293.0,189.41799999999998,215.06617391673802,163.76982608326193,nan
2022-11-01,234.05,237.3951,227.28,227.82,62688822.0,191.074,221.91025439743365,160.23774560256638,nan
2022-10-31,226.19,229.85,221.94,227.54,61554341.0,193.4095,227.84446599617877,158.97453400382125,nan
2022-10-28,225.4,228.86,216.35,228.52,69152386.0,195.6895,233.10928732112188,158.26971267887814,nan
2022-10-27,229.77,233.81,222.85,225.09,61638824.0,197.801,236.90078322729113,158.70121677270885,nan
2022-10-26,219.4,230.6,218.2,224.64,85327078.0,199.873,240.09094838914197,159.655051610858,nan
2022-10-25,210.1,224.3498,210.0,222.415,96507870.0,202.49825,241.31107388118255,163.68542611881747,nan
2022-10-24,205.82,213.5,198.5863,211.25,100446765.0,204.66725,240.02691740064634,169.30758259935365,nan
2022-10-21,206.415,214.66,203.8,214.44,75713754.0,206.37974999999997,240.0239303014729,172.73556969852706,nan
2022-10-20,208.28,215.55,202.0,207.28,117798062.0,207.58525,239.40621288116276,175.76428711883725,nan
2022-10-19,219.8,222.93,217.78,222.04,66571479.0,209.34125,240.22282854484098,178.45967145515903,nan
2022-10-18,229.5,229.82,217.25,220.19,75891905.0,210.62975,241.03677316294235,180.22272683705765,nan
2022-10-17,210.04,221.86,209.45,219.35,79428810.0,212.04975,241.21429489074612,182.88520510925386,nan
2022-10-14,224.01,226.26,204.16,204.99,94124511.0,212.50074999999998,240.88690086251762,184.11459913748234,nan
2022-10-13,208.3,222.99,206.22,221.72,91483045.0,214.05075000000002,240.7654922882284,187.33600771177166,nan
2022-10-12,215.33,219.2999,211.51,217.24,66860699.0,216.03325,236.51249142175857,195.55400857824145,nan
2022-10-11,220.945,225.75,215.0,216.5,77013202.0,217.29325,234.1447938227681,200.4417061772319,nan
2022-10-10,223.93,226.99,218.3582,222.96,67925018.0,218.58724999999998,232.64672422653015,204.5277757734698,nan
2022-10-07,233.935,234.5715,222.02,223.07,83916800.0,219.36724999999996,232.53228082332504,206.20221917667487,nan
2022-10-06,239.44,244.58,235.35,238.13,69298437.0,220.50825,235.951201475133,205.06529852486702,nan
2022-10-05,245.01,246.6697,233.27,240.81,86982673.0,221.79975,239.45756546809852,204.14193453190146,nan
2022-10-04,250.52,257.5,242.01,249.44,109578535.0,222.88074999999998,244.33037968028145,201.4311203197185,nan
2022-10-03,254.5,255.16,241.01,242.4,98363541.0,223.62375000000003,246.7192630923771,200.52823690762295,nan
2022-09-30,266.145,275.57,262.47,265.25,67726598.0,225.46025,255.10722454609842,195.81327545390158,nan
2022-09-29,282.76,283.65,265.78,268.21,77620642.0,227.61624999999998,262.8878788067957,192.3446211932043,nan
2022-09-28,283.08,289.0,277.57,287.81,54664809.0,230.77474999999998,275.08068182039915,186.4688181796008,nan
2022-09-27,283.84,288.67,277.51,282.94,61925185.0,233.801,283.626988103865,183.97501189613496,nan
2022-09-26,271.83,284.09,270.31,276.01,58076913.0,237.039,289.06297702274736,185.01502297725258,nan
2022-09-23,283.09,284.5,272.82,275.33,63748362.0,240.08350000000002,293.6430166343523,186.52398336564772,nan
2022-09-22,299.86,301.29,285.82,288.59,70107683.0,244.14899999999997,299.5370070241335,188.7609929758664,nan
2022-09-21,308.29,313.8,300.63,300.8,62555656.0,248.087,307.8806272260039,188.29337277399605,nan
2022-09-20,306.91,313.33,305.58,308.73,61642783.0,252.51399999999998,316.5697883164537,188.45821168354624,nan
2022-09-19,300.09,309.84,297.8,309.07,60231156.0,257.0,323.7850919387208,190.21490806127917,nan
2022-09-16,299.605,303.71,295.6005,303.35,87087786.0,261.918,327.04254193394,196.79345806606,nan
2022-09-15,301.825,309.12,300.7247,303.75,64795523.0,266.0195,330.81605496853,201.22294503146998,nan
2022-09-14,292.24,306.0,291.64,302.61,72628653.0,270.288,332.7604655474651,207.8155344525349,nan
2022-09-13,292.9,297.3999,290.4,292.13,68229619.0,274.0695,331.80988392485585,216.32911607514416,nan
2022-09-12,300.72,305.49,300.4,304.42,48674604.0,278.14250000000004,332.0692670574034,224.21573294259667,nan
2022-09-09,291.67,299.85,291.245,299.68,54470854.0,281.973,329.9880985464088,233.9579014535912,nan
2022-09-08,281.3,289.5,279.76,289.26,53713124.0,284.5295,327.9395737641717,241.11942623582826,nan
2022-09-07,273.1,283.84,272.27,283.7,50028916.0,286.674,324.92078777017946,248.42721222982047,nan
2022-09-06,272.675,275.99,265.74,274.42,55605247.0,287.923,322.506139853194,253.339860146806,nan
2022-09-02,281.065,282.35,269.08,270.21,50890090.0,289.3135,317.90759749544935,260.7194025045506,nan
2022-09-01,272.575,277.58,266.15,277.16,54287024.0,289.909,316.8407639893726,262.9772360106274,nan
2022-08-31,280.62,281.25,271.81,275.61,52107337.0,290.27900000000005,316.1375072227651,264.420492777235,nan
2022-08-30,287.865,288.48,272.65,277.7,50541759.0,289.7735,316.2237355178113,263.32326448218873,nan
2022-08-29,282.83,287.74,280.7,284.82,41548729.0,289.8675,316.2286946658501,263.5063053341499,nan
2022-08-26,297.43,302.0,287.47,288.09,57163947.0,290.4715,316.0373804495017,264.9056195504983,nan
2022-08-25,302.36,302.96,291.6,296.07,52827378.0,291.5085,316.1543641987979,266.86263580120215,nan
2022-08-24,892.69,910.94,889.5,891.29,19086572.0,321.6435,590.9319206297471,52.35507937025301,nan
2022-08-23,874.36,896.4799,863.77,889.36,21328348.0,351.0715,720.7084864311406,-18.565486431140585,nan
2022-08-22,875.74,877.2,858.89,869.74,18614449.0,379.122,814.5255593307608,-56.28155933076073,nan
2022-08-19,897.0,901.08,877.5,890.0,20465129.0,408.1685,898.0024777720616,-81.6654777720617,nan
2022-08-18,918.0,919.5,905.56,908.61,15833512.0,438.4315,973.6815824366324,-96.81858243663237,nan
2022-08-17,910.19,928.97,900.1,911.99,22921990.0,468.84350000000006,1039.8003778361654,-102.11337783616523,nan
2022-08-16,935.0,944.0,908.65,919.69,29378774.0,499.69750000000005,1098.8285279984898,-99.43352799848975,nan
2022-08-15,905.36,939.4,903.69,927.96,29786389.0,531.489,1151.3635134095593,-88.38551340955917,nan
2022-08-12,868.245,900.48,855.1,900.09,26552429.0,561.2725,1192.349472163252,-69.80447216325194,nan
2022-08-11,889.54,894.71,857.5,859.89,23385015.0,589.283,1221.2017490775934,-42.63574907759346,nan
2022-08-10,891.2,892.53,850.11,883.07,31639624.0,618.9735,1247.3285263404991,-9.381526340499363,nan
2022-08-09,870.88,877.19,838.06,850.0,28748227.0,647.2884999999999,1262.9392597237434,31.637740276256523,nan
2022-08-08,885.0,915.6,867.2562,871.27,33121758.0,677.131,1274.2641726948627,79.9978273051371,nan
2022-08-05,908.01,913.8199,856.634,864.51,37724299.0,706.846,1277.2686850290852,136.42331497091482,nan
2022-08-04,933.0,940.82,915.0,925.9,24085439.0,739.283,1279.8238801951125,198.7421198048877,nan
2022-08-03,915.0,928.65,903.45,922.19,26697035.0,771.612,1271.177103479755,272.0468965202449,nan
2022-08-02,882.01,923.5,878.0,901.76,31859156.0,802.815,1247.4205694657926,358.20943053420757,nan
2022-08-01,903.825,935.6347,885.0,891.83,39014296.0,833.1654999999998,1205.9597362031868,460.3712637968129,nan
2022-07-29,842.1,894.96,837.3,891.45,31770961.0,863.3335000000001,1134.0912844942086,592.5757155057914,nan
2022-07-28,840.2,849.9,818.4,842.7,28240997.0,890.6650000000002,940.7577348446098,840.5722651553906,nan
2022-07-27,791.43,827.7768,785.3701,824.46,29369996.0,887.3235000000001,945.5037803543185,829.1432196456817,buy
2022-07-26,799.54,801.9299,768.79,776.58,22273586.0,881.6845,958.0527186514901,805.3162813485098,nan
2022-07-25,816.65,822.44,802.2,805.3,21357835.0,878.4625000000002,962.0489418305779,794.8760581694225,nan
2022-07-22,828.66,842.36,812.14,816.73,34490949.0,874.7990000000002,962.5740186016964,787.023981398304,nan
2022-07-21,765.32,819.8,764.6,815.12,47344059.0,870.1245000000001,960.2443456968434,780.0046543031568,nan
2022-07-20,740.35,751.99,730.449,742.5,29621363.0,861.65,965.9536924208983,757.3463075791017,nan
2022-07-19,735.0,741.42,710.93,736.59,26963370.0,852.4950000000001,966.9930511900424,737.9969488099579,nan
2022-07-18,734.81,751.55,718.81,721.64,27512476.0,842.1790000000001,964.9292688431043,719.4287311568959,nan
2022-07-15,720.0,730.8699,710.67,720.2,23227673.0,833.1845,964.1552940886526,702.2137059113473,nan
2022-07-14,704.69,715.96,688.0,714.94,26185833.0,825.9370000000001,966.384750329556,685.4892496704442,nan
2022-07-13,676.5,726.1799,675.1,711.12,32651499.0,817.3395,963.976814052847,670.7021859471531,nan
2022-07-12,710.54,719.32,685.105,699.21,29310320.0,809.8000000000001,964.6431282230387,654.9568717769614,nan
2022-07-11,756.31,759.19,700.88,703.03,33169740.0,801.388,960.3940643133546,642.3819356866454,nan
2022-07-08,727.0,764.9399,723.4843,752.29,33951362.0,795.777,953.3176184014694,638.2363815985307,nan
2022-07-07,701.76,736.085,696.63,733.63,27310230.0,786.1635,933.399320480728,638.927679519272,nan
2022-07-06,692.34,703.69,681.56,695.2,23951210.0,774.8140000000001,912.5912909865066,637.0367090134936,nan
2022-07-05,669.0,699.44,648.5001,699.2,28259704.0,764.6859999999999,892.5987387426017,636.7732612573982,nan
2022-07-01,681.0,690.69,666.3601,681.79,24820148.0,754.184,872.2546625890276,636.1133374109723,nan
2022-06-30,673.53,688.37,656.59,673.42,31533484.0,743.2825,847.4304225100498,639.1345774899503,nan
2022-06-29,691.5,693.52,666.82,685.47,27632418.0,735.421,831.3866008325864,639.4553991674137,nan
2022-06-28,733.45,749.91,697.03,697.99,30222167.0,729.0975,816.6586506921174,641.5363493078826,nan
2022-06-27,748.1,756.21,727.6966,734.76,29726104.0,727.0065,811.7451909144582,642.2678090855417,nan
2022-06-24,712.405,738.2,708.26,737.12,31923565.0,723.5975000000001,800.1660827766351,647.028917223365,nan
2022-06-23,713.715,717.95,685.91,705.21,34734226.0,718.0215000000001,781.0848006213954,654.9581993786047,nan
2022-06-22,703.51,740.5,701.48,708.26,33842420.0,712.6785,756.1753109054981,669.1816890945018,nan
2022-06-21,673.81,730.7321,673.0,711.11,40930985.0,711.109,752.2780772559521,669.939922744048,nan
2022-06-17,640.3,662.9082,639.59,650.28,30880590.0,706.7935,754.3200165986449,659.2669834013551,nan
2022-06-16,668.21,675.5,626.08,639.3,35796900.0,702.6765,758.3543641737326,646.9986358262674,nan
2022-06-15,662.75,706.9899,654.45,699.0,39710645.0,701.6165,756.6936482941135,646.5393517058865,nan
2022-06-14,654.86,678.99,635.21,662.67,32662932.0,699.0029999999999,756.33269253639,641.6733074636098,nan
2022-06-13,669.5,679.9,644.05,647.21,34255754.0,695.8075,757.2691073145295,634.3458926854705,nan
2022-06-10,705.47,718.5,683.74,696.69,32696966.0,695.6814999999999,757.1240668580542,634.2389331419456,nan
2022-06-09,748.02,766.6399,717.98,719.12,32163769.0,696.4860000000001,758.7495591320534,634.2224408679468,nan
2022-06-08,720.26,749.89,717.53,725.6,25403540.0,695.1514999999999,753.3932593990423,636.9097406009575,nan
2022-06-07,702.0,719.99,690.28,716.66,24269534.0,694.3030000000001,750.6480060739628,637.9579939260374,nan
2022-06-06,733.06,734.6,703.05,714.84,28068174.0,695.285,752.3754838600062,638.1945161399938,nan
2022-06-03,729.675,743.3899,700.2534,703.55,37464579.0,695.5025,752.688848711459,638.3161512885412,nan
2022-06-02,732.47,792.63,726.2,775.0,31157706.0,700.163,767.0190707317252,633.3069292682749,sell
2022-06-01,755.16,771.98,730.92,740.37,25749321.0,703.5105,771.4245898411265,635.5964101588735,nan
2022-05-31,773.84,778.8,734.23,758.26,33971457.0,707.15,778.6977992599955,635.6022007400045,nan
2022-05-27,723.25,759.8,720.5311,759.63,29764994.0,710.2320000000001,785.3402535516584,635.1237464483418,nan
2022-05-26,661.42,718.6699,653.66,707.73,35334448.0,708.8805,783.0978798556162,634.6631201443838,nan
2022-05-25,623.85,669.32,623.0101,658.8,30713108.0,704.9644999999999,781.1470073097573,628.7819926902425,nan
2022-05-24,653.53,653.92,620.57,628.16,29697505.0,701.112,784.6772462639769,617.546753736023,nan
2022-05-23,655.02,679.9551,638.06,674.9,29634546.0,699.4440000000001,783.7370912821209,615.1509087178792,nan
2022-05-20,713.99,721.582,633.0,663.9,48324435.0,697.0835,782.6357444936189,611.5312555063811,nan
2022-05-19,707.0,734.0,694.11,709.42,30098891.0,700.0405,782.8247861964386,617.2562138035613,nan
2022-05-18,744.52,760.5,700.81,709.81,29270604.0,703.566,781.3109710406178,625.8210289593823,nan
2022-05-17,747.36,764.48,728.85,761.61,26745370.0,706.6965,788.5983532725294,624.7946467274706,nan
2022-05-16,767.16,769.76,719.0885,724.37,28699513.0,709.7814999999999,789.3146971139042,630.2483028860956,nan
2022-05-13,773.48,787.3499,751.565,769.59,30716908.0,715.9005,793.9818148279692,637.8191851720308,nan
2022-05-12,701.0,759.66,680.0,728.0,46770954.0,717.466,795.1802193586708,639.7517806413292,nan
2022-05-11,795.0,809.77,727.2,734.0,32408153.0,718.2099999999999,796.2750082674097,640.1449917325901,nan
2022-05-10,819.31,825.36,774.25,800.04,28133877.0,721.932,808.1528453486329,635.7111546513671,nan
2022-05-09,836.45,845.63,781.15,787.11,30270074.0,725.4544999999999,816.3956375792707,634.5133624207292,nan
2022-05-06,887.0,888.0,843.105,865.65,24301037.0,732.9950000000001,843.1994107437166,622.7905892562836,nan
2022-05-05,939.21,945.6,857.7,873.28,30839731.0,741.4815,867.1889860685933,615.7740139314067,nan
2022-05-04,903.94,955.5,885.28,952.62,27039655.0,750.3625,907.2666278682835,593.4583721317164,nan
2022-05-03,903.18,924.08,888.59,909.25,21236525.0,758.8065,930.8892005923586,586.7237994076414,nan
2022-05-02,860.77,906.3599,848.03,902.94,25260457.0,766.0405,949.7947508180033,582.2862491819966,nan
2022-04-29,902.25,934.3999,870.0,870.76,29377665.0,771.597,961.1639872547528,582.0300127452472,nan
2022-04-28,899.98,900.0,821.7,877.51,41649509.0,780.086,972.790633588083,587.381366411917,nan
2022-04-27,898.58,918.0,877.36,881.51,25652132.0,791.2215,980.1175487480699,602.3254512519301,nan
2022-04-26,995.43,1000.0,875.0,876.42,44694524.0,803.6345,979.5987530055214,627.6702469944786,nan
2022-04-25,978.97,1008.62,975.3,998.02,22780445.0,819.7904999999998,1005.0749535728543,634.5060464271454,nan
2022-04-22,1014.91,1034.85,994.0001,1005.05,23232186.0,836.848,1024.503411926395,649.1925880736048,nan
2022-04-21,1074.73,1092.22,996.415,1008.78,35138779.0,851.816,1044.3673064532259,659.2646935467742,nan
2022-04-20,1030.0,1034.0,975.2501,977.2,21616141.0,865.1854999999999,1053.301701207775,677.0692987922248,nan
2022-04-19,1005.06,1034.94,995.325,1028.15,16615944.0,878.5125,1073.377616629297,683.6473833707031,nan
2022-04-18,989.03,1014.92,973.41,1004.29,17238407.0,892.5085000000001,1080.8593897077114,704.1576102922888,nan
2022-04-14,999.29,1012.7099,982.19,985.0,19474135.0,903.2790000000001,1086.6032283812515,719.9547716187486,nan
2022-04-13,981.075,1026.24,973.097,1022.37,18373737.0,917.9975000000001,1088.917101890856,747.0778981091441,nan
2022-04-12,997.64,1021.1921,976.6001,986.95,21992032.0,930.6450000000001,1080.3565515003236,780.9334484996766,nan
2022-04-11,980.4,1008.4681,974.64,975.93,19785735.0,939.4395000000001,1077.0205243150613,801.8584756849389,nan
2022-04-08,1043.21,1048.44,1022.435,1025.49,18337896.0,951.3584999999999,1073.8499325296282,828.8670674703717,nan
2022-04-07,1052.39,1076.59,1021.5401,1057.26,26482353.0,960.9390000000001,1085.1655998975577,836.7124001024423,nan
2022-04-06,1073.47,1079.0,1027.7,1045.76,29782845.0,969.5629999999999,1092.1029722711457,847.023027728854,nan
2022-04-05,1136.3,1152.87,1087.3,1091.26,26192187.0,976.4949999999999,1110.1782508502745,842.8117491497253,nan
2022-04-04,1089.38,1149.91,1072.53,1145.45,27392567.0,988.305,1137.7760920123728,838.8339079876272,nan
2022-04-01,1081.15,1094.75,1066.64,1084.59,18087741.0,997.3875,1147.0934692056144,847.6815307943858,nan
2022-03-31,1094.57,1103.1399,1076.641,1077.6,16330919.0,1007.7295,1148.9399058302351,866.5190941697648,nan
2022-03-30,1091.17,1113.95,1084.0,1093.99,19955002.0,1018.5535,1150.627940776097,886.479059223903,nan
2022-03-29,1107.99,1114.77,1073.11,1099.57,24538273.0,1029.4564999999998,1149.3359300032232,909.5770699967765,nan
2022-03-28,1065.1,1097.8799,1053.6,1091.84,34168693.0,1040.2275,1139.0775844447787,941.3774155552212,nan
2022-03-25,1008.0,1021.7999,997.3201,1010.64,20496893.0,1040.8584999999998,1138.7304303397254,942.9865696602742,nan
2022-03-24,1009.73,1024.49,988.8,1013.92,22973626.0,1041.3020000000001,1138.5692339702,944.0347660298004,nan
2022-03-23,979.94,1040.7,976.4,999.11,40225383.0,1040.8185,1138.8594734485532,942.777526551447,nan
2022-03-22,930.0,997.86,921.75,993.98,34882278.0,1041.6575,1137.6724192080553,945.6425807919447,nan
2022-03-21,914.98,942.85,907.09,921.16,26640958.0,1036.308,1146.38401136441,926.2319886355898,buy
2022-03-18,874.49,907.85,867.39,905.39,33443159.0,1031.3629999999998,1155.4849851767344,907.2410148232652,nan
2022-03-17,830.99,875.0,825.7178,871.6,22194324.0,1025.6929999999998,1167.7911718612827,883.5948281387167,nan
2022-03-16,809.0,842.0,802.2601,840.23,28009607.0,1016.5859999999999,1181.1512727195686,852.0207272804312,nan
2022-03-15,775.27,805.57,756.57,801.89,22280381.0,1007.333,1197.7021330685359,816.9638669314639,nan
2022-03-14,780.61,800.7,756.04,766.37,23717421.0,996.8549999999999,1215.4741987042948,778.235801295705,nan
2022-03-11,840.197,843.802,793.77,795.35,22345722.0,985.348,1221.1709766583456,749.5250233416543,nan
2022-03-10,851.45,854.45,810.3601,838.3,19549548.0,974.3999999999999,1216.4151656840024,732.3848343159973,nan
2022-03-09,839.48,860.56,832.01,858.97,19727993.0,965.0604999999999,1209.8810259261145,720.2399740738854,nan
2022-03-08,795.53,849.99,782.17,824.4,26799702.0,951.7175000000001,1196.6662708309257,706.7687291690745,nan
2022-03-07,856.3,866.14,804.57,804.58,24164724.0,934.674,1170.116280815897,699.2317191841029,nan
2022-03-04,849.1,855.65,825.1609,838.29,22393287.0,922.359,1150.4351437858259,694.2828562141742,nan
2022-03-03,878.77,886.439,832.6001,839.29,20541169.0,910.4435,1129.0756413530812,691.8113586469187,nan
2022-03-02,872.13,886.48,844.2721,879.89,24881146.0,899.7385,1100.789591205044,698.6874087949561,nan
2022-03-01,869.68,889.88,853.78,864.37,24922287.0,887.9784999999999,1066.011419164737,709.945580835263,nan
2022-02-28,815.01,876.86,814.7075,870.43,33002289.0,876.908,1026.8918522676843,726.9241477323156,nan
2022-02-25,809.23,819.5,782.4005,809.87,25355921.0,866.8695,1005.620626459161,728.118373540839,nan
2022-02-24,700.39,802.48,700.0,800.77,45107425.0,856.2119999999999,979.2610316649668,733.1629683350329,nan
2022-02-23,830.43,835.2997,760.56,764.04,31752336.0,844.4585000000001,954.2266756727699,734.6903243272302,nan
2022-02-22,834.13,856.7338,801.1001,821.53,27387874.0,835.836,920.3346276811743,751.3373723188257,nan
2022-02-18,886.0,886.87,837.61,856.98,22833947.0,832.6270000000001,907.8474003963764,757.4065996036237,nan
2022-02-17,913.26,918.4999,874.1,876.35,18392806.0,831.175,901.4393077769225,760.9106922230774,nan
2022-02-16,914.05,926.4299,901.21,923.39,17098132.0,833.7645,913.482967641818,754.046032358182,sell
2022-02-15,900.0,923.0,893.3774,922.43,19216514.0,837.8744999999999,926.9260381172854,748.8229618827144,nan
2022-02-14,861.57,898.8799,853.15,875.76,22585472.0,841.568,930.4628830686627,752.6731169313373,nan
